2026-09-12	EP0182-BLES00884_00-TDU200000F00002E	PKG, RAP	PS3 DLC	Test Drive Unlimited 2	
2026-09-12	EP0182-BLES00884_00-TDU200000F00002F	PKG, RAP	PS3 DLC	Test Drive Unlimited 2	
2026-09-12	EP0182-BLES00884_00-TDU200003F83E400	PKG, RAP	PS3 DLC	Test Drive Unlimited 2	
2026-09-12	EP0182-BLES00884_00-TDU200003F9A0400	PKG, RAP	PS3 DLC	Test Drive Unlimited 2	
2026-09-12	EP0182-BLES00884_00-TDU200004CA00400	PKG, RAP	PS3 DLC	Test Drive Unlimited 2	
2026-09-12	EP0182-BLES00884_00-TDU200004F919800	PKG, RAP	PS3 DLC	Test Drive Unlimited 2	
2026-09-12	EP0182-BLES00884_00-TDU200005F011C00	PKG, RAP	PS3 DLC	Test Drive Unlimited 2	
2026-09-12	EP0182-BLES00884_00-TDU20000684EA800	PKG, RAP	PS3 DLC	Test Drive Unlimited 2	
2026-09-12	EP1006-BLES00780_00-PSPLITSEC0000010	PKG, RAP	PS3 DLC	Split/Second	
2026-09-12	JP0367-PCSG00361_00-BULLETGXXXDLC004	zRIF			PKG Link missing
2026-09-12	JP0367-PCSG00361_00-BULLETGXXXDLC005	zRIF			PKG Link missing
2026-09-12	JP0367-PCSG00361_00-BULLETGXXXDLC006	zRIF			PKG Link missing
2026-09-12	JP0367-PCSG00361_00-BULLETGXXXDLC007	zRIF			PKG Link missing
2026-09-12	JP0367-PCSG00361_00-BULLETGXXXDLC009	zRIF			PKG Link missing
2026-09-12	JP0367-PCSG00361_00-BULLETGXXXDLC010	zRIF			PKG Link missing
2026-09-12	JP0367-PCSG00361_00-BULLETGXXXDLC011	zRIF			PKG Link missing
2026-09-12	JP0367-PCSG00361_00-BULLETGXXXDLC012	zRIF			PKG Link missing
2026-09-12	JP0367-PCSG00361_00-BULLETGXXXDLC025	zRIF			PKG Link missing
2026-09-12	JP0367-PCSG00361_00-BULLETGXXXDLC026	zRIF			PKG Link missing
2026-09-12	JP0367-PCSG00361_00-BULLETGXXXDLC027	zRIF			PKG Link missing
2026-09-12	JP0367-PCSG00361_00-BULLETGXXXDLC028	zRIF			PKG Link missing
2026-09-12	JP0367-PCSG00361_00-BULLETGXXXDLC029	zRIF			PKG Link missing
2026-09-12	JP0367-PCSG00361_00-BULLETGXXXDLC031	zRIF			PKG Link missing
2026-09-12	JP0367-PCSG00361_00-BULLETGXXXDLC032	zRIF			PKG Link missing
2026-09-12	JP0367-PCSG00361_00-BULLETGXXXDLC033	zRIF			PKG Link missing
2026-09-12	JP0367-PCSG00361_00-BULLETGXXXDLC034	zRIF			PKG Link missing
2026-09-12	JP0367-PCSG00361_00-BULLETGXXXDLC036	zRIF			PKG Link missing
2026-09-12	JP0367-PCSG00361_00-BULLETGXXXDLC037	zRIF			PKG Link missing
2026-09-12	JP0367-PCSG00361_00-BULLETGXXXDLC038	zRIF			PKG Link missing
2026-09-12	JP0367-PCSG00361_00-BULLETGXXXDLC039	zRIF			PKG Link missing
2026-09-12	JP0367-PCSG00361_00-BULLETGXXXDLC040	zRIF			PKG Link missing
2026-09-12	JP0367-PCSG00361_00-BULLETGXXXDLC041	zRIF			PKG Link missing
2026-09-12	JP0367-PCSG00361_00-BULLETGXXXDLC042	zRIF			PKG Link missing
2026-09-12	JP0367-PCSG00361_00-BULLETGXXXDLC043	zRIF			PKG Link missing
2026-09-12	JP0367-PCSG00361_00-BULLETGXXXDLC044	zRIF			PKG Link missing
2026-09-12	JP0367-PCSG00361_00-BULLETGXXXDLC045	zRIF			PKG Link missing
2026-09-12	JP0367-PCSG00361_00-BULLETGXXXDLC046	zRIF			PKG Link missing
2026-09-12	JP0367-PCSG00361_00-BULLETGXXXDLC047	zRIF			PKG Link missing
2026-09-12	JP0367-PCSG00361_00-BULLETGXXXDLC048	zRIF			PKG Link missing
2026-09-12	JP0367-PCSG00361_00-BULLETGXXXDLC049	zRIF			PKG Link missing
2026-09-12	JP0367-PCSG00361_00-BULLETGXXXDLC050	zRIF			PKG Link missing
2026-09-12	JP0367-PCSG00361_00-BULLETGXXXDLC051	zRIF			PKG Link missing
2026-09-12	JP0367-PCSG00361_00-BULLETGXXXDLC052	zRIF			PKG Link missing
2026-09-12	JP0367-PCSG00361_00-BULLETGXXXDLC053	zRIF			PKG Link missing
2026-09-12	JP0367-PCSG00361_00-BULLETGXXXDLC054	zRIF			PKG Link missing
2026-09-12	JP0367-PCSG00361_00-BULLETGXXXDLC055	zRIF			PKG Link missing
2026-09-12	JP0367-PCSG00361_00-BULLETGXXXDLC056	zRIF			PKG Link missing
2026-09-08	EP1006-BLES00780_00-PSPLITSEC0000003	RAP	PS3 DLC	Split/Second	
2026-09-08	EP1006-BLES00780_00-PSPLITSEC0000004	RAP	PS3 DLC	Split/Second	
2026-09-08	EP1006-BLES00780_00-PSPLITSEC0000005	RAP	PS3 DLC	Split/Second	
2026-09-08	EP1006-BLES00780_00-PSPLITSEC0000007	RAP	PS3 DLC	Split/Second	
2026-09-08	EP1006-BLES00780_00-PSPLITSEC0000011	RAP	PS3 DLC	Split/Second	
2026-09-08	EP1018-BLES01745_00-BLOODYHUNTERS001	RAP			PKG Link missing
2026-09-08	EP1018-BLES01745_00-FLESHBURNERS0001	RAP			PKG Link missing
2026-09-08	JP0102-BLJM61332_00-PLCOS04705XXX035	RAP	PS3 DLC	戦国BASARA 真田幸村伝 ゲームデータ	
2026-09-08	JP0106-NPJB00534_00-SEN4DLCOS0000027	RAP	PS3 DLC	戦国無双４ 追加コンテンツ	
2026-09-08	JP0106-NPJB00534_00-SEN4DLCOS0000028	RAP	PS3 DLC	戦国無双４ 追加コンテンツ	
2026-09-08	JP0106-NPJB00534_00-SEN4DLCOS0000029	RAP	PS3 DLC	戦国無双４ 追加コンテンツ	
2026-09-08	JP0106-NPJB00534_00-SEN4DLCOS0000030	RAP	PS3 DLC	戦国無双４ 追加コンテンツ	
2026-09-08	JP0106-NPJB00534_00-SEN4DLCOS0000031	RAP	PS3 DLC	戦国無双４ 追加コンテンツ	
2026-09-08	JP0106-NPJB00534_00-SEN4DLCOS0000032	RAP	PS3 DLC	戦国無双４ 追加コンテンツ	
2026-09-08	JP0106-NPJB00534_00-SEN4DLCOS0000033	RAP	PS3 DLC	戦国無双４ 追加コンテンツ	
2026-09-08	JP0106-NPJB00534_00-SEN4DLCOS0000034	RAP	PS3 DLC	戦国無双４ 追加コンテンツ	
2026-09-08	JP0106-NPJB00534_00-SEN4DLCOS0000035	RAP	PS3 DLC	戦国無双４ 追加コンテンツ	
2026-09-08	JP0106-NPJB00534_00-SEN4DLCOS0000036	RAP	PS3 DLC	戦国無双４ 追加コンテンツ	
2026-09-08	JP0106-NPJB00534_00-SEN4DLCOS0000037	RAP	PS3 DLC	戦国無双４ 追加コンテンツ	
2026-09-08	JP0106-NPJB00534_00-SEN4DLCOS0000038	RAP	PS3 DLC	戦国無双４ 追加コンテンツ	
2026-09-08	JP0106-NPJB00534_00-SEN4DLCOS0000039	RAP	PS3 DLC	戦国無双４ 追加コンテンツ	
2026-09-08	JP0106-NPJB00706_00-SEN4EXDLCCOS0000	RAP	PS3 DLC	戦国無双４-Ⅱ 追加コンテンツ	
2026-09-08	JP0106-NPJB00706_00-SEN4EXDLCCOS0001	RAP	PS3 DLC	戦国無双４-Ⅱ 追加コンテンツ	
2026-09-08	JP0106-NPJB00706_00-SEN4EXDLCCOS0002	RAP	PS3 DLC	戦国無双４-Ⅱ 追加コンテンツ	
2026-09-08	JP0106-NPJB00706_00-SEN4EXDLCCOS0003	RAP	PS3 DLC	戦国無双４-Ⅱ 追加コンテンツ	
2026-09-08	JP0106-NPJB00706_00-SEN4EXDLCCOS0004	RAP	PS3 DLC	戦国無双４-Ⅱ 追加コンテンツ	
2026-09-08	JP0106-NPJB00706_00-SEN4EXDLCCOS0005	RAP	PS3 DLC	戦国無双４-Ⅱ 追加コンテンツ	
2026-09-08	JP0106-NPJB00706_00-SEN4EXDLCCOS0006	RAP	PS3 DLC	戦国無双４-Ⅱ 追加コンテンツ	
2026-09-08	JP0106-NPJB00706_00-SEN4EXDLCCOS0007	RAP	PS3 DLC	戦国無双４-Ⅱ 追加コンテンツ	
2026-09-08	JP0106-NPJB00706_00-SEN4EXDLCCOS0008	RAP	PS3 DLC	戦国無双４-Ⅱ 追加コンテンツ	
2026-09-08	JP0106-NPJB00706_00-SEN4EXDLCCOS0009	RAP	PS3 DLC	戦国無双４-Ⅱ 追加コンテンツ	
2026-09-08	JP0106-NPJB00706_00-SEN4EXDLCCOS0010	RAP	PS3 DLC	戦国無双４-Ⅱ 追加コンテンツ	
2026-09-08	JP0106-NPJB00706_00-SEN4EXDLCCOS0011	RAP	PS3 DLC	戦国無双４-Ⅱ 追加コンテンツ	
2026-09-08	JP0106-NPJB00706_00-SEN4EXDLCCOS0012	RAP	PS3 DLC	戦国無双４-Ⅱ 追加コンテンツ	
2026-09-08	JP0106-NPJB00706_00-SEN4EXDLCCOS0013	RAP	PS3 DLC	戦国無双４-Ⅱ 追加コンテンツ	
2026-09-08	JP0106-NPJB00757_00-AMDLC000SPECOS00	RAP	PS3 DLC	アルスラーン戦記×無双	
2026-09-08	JP0106-NPJB00818_00-SLAYERDLCCOS0000	RAP	PS3 DLC	ベルセルク無双-ダウンロードコンテンツ	
2026-09-08	JP0106-NPJB00818_00-SLAYERDLCCOS0007	RAP	PS3 DLC	ベルセルク無双-ダウンロードコンテンツ	
2026-09-08	JP0106-NPJB00818_00-SLAYERDLCHRS0000	RAP	PS3 DLC	ベルセルク無双-ダウンロードコンテンツ	
2026-09-08	JP0106-NPJB00820_00-RIVERJPDLCOS0000	RAP	PS3 DLC	戦国無双 ～真田丸～ 追加コンテンツ	
2026-09-08	JP0106-NPJB00820_00-RIVERJPDLCOS0001	RAP	PS3 DLC	戦国無双 ～真田丸～ 追加コンテンツ	
2026-09-08	JP0106-NPJB00820_00-RIVERJPDLCOS0002	RAP	PS3 DLC	戦国無双 ～真田丸～ 追加コンテンツ	
2026-09-08	JP0106-NPJB00820_00-RIVERJPDLCOS0003	RAP	PS3 DLC	戦国無双 ～真田丸～ 追加コンテンツ	
2026-09-08	JP0106-NPJB00820_00-RIVERJPDLCOS0004	RAP	PS3 DLC	戦国無双 ～真田丸～ 追加コンテンツ	
2026-09-08	JP0106-NPJB00820_00-RIVERJPDLCOS0005	RAP	PS3 DLC	戦国無双 ～真田丸～ 追加コンテンツ	
2026-09-08	JP0106-NPJB00820_00-RIVERJPDLCOS0006	RAP	PS3 DLC	戦国無双 ～真田丸～ 追加コンテンツ	
2026-09-08	JP0106-NPJB00820_00-RIVERJPDLCOS0007	RAP	PS3 DLC	戦国無双 ～真田丸～ 追加コンテンツ	
2026-09-08	JP0700-NPJB00331_00-DLCCLB000000VJ01	RAP	PS3 DLC	ジョジョの奇妙な冒険 オールスターバトル 追加コンテンツ	
2026-09-08	JP0700-NPJB00331_00-THEMEPART0000001	RAP	PS3 THEME	none	
2026-09-08	JP0700-NPJB00331_00-THEMEPART0000002	RAP	PS3 THEME	none	
2026-09-08	JP0700-NPJB00331_00-THEMEPART0000003	RAP	PS3 THEME	none	
2026-09-08	JP0700-NPJB00331_00-THEMEPART0000004	RAP	PS3 THEME	none	
2026-09-08	JP0700-NPJB00331_00-THEMEPART0000005	RAP	PS3 THEME	none	
2026-09-08	JP0700-NPJB00331_00-THEMEPART0000006	RAP	PS3 THEME	none	
2026-09-08	JP0700-NPJB00331_00-THEMEPART0000007	RAP	PS3 THEME	none	
2026-09-08	JP0700-NPJB00331_00-THEMEPART0000008	RAP	PS3 THEME	none	
2026-09-08	JP0700-NPJB00448_00-DBZBOZCUSTOMTM01	RAP	PS3 THEME	none	
2026-09-08	JP0700-NPJB00450_00-DLC0000000000DSE	RAP	PS3 DLC	聖闘士星矢 ブレイブ・ソルジャーズ(追加コンテンツ)	
2026-09-08	JP0700-NPJB00450_00-DLC0000000001DSG	RAP	PS3 DLC	聖闘士星矢 ブレイブ・ソルジャーズ(追加コンテンツ)	
2026-09-08	JP0700-NPJB00450_00-DLC0000000002DSR	RAP	PS3 DLC	聖闘士星矢 ブレイブ・ソルジャーズ(追加コンテンツ)	
2026-09-08	JP0700-NPJB00450_00-DLC0000000003DHY	RAP	PS3 DLC	聖闘士星矢 ブレイブ・ソルジャーズ(追加コンテンツ)	
2026-09-08	JP0700-NPJB00450_00-DLC0000000004DSY	RAP	PS3 DLC	聖闘士星矢 ブレイブ・ソルジャーズ(追加コンテンツ)	
2026-09-08	JP0700-NPJB00450_00-DLC0000000005DIK	RAP	PS3 DLC	聖闘士星矢 ブレイブ・ソルジャーズ(追加コンテンツ)	
2026-09-08	JP0700-NPJB00450_00-DLC0000000006DMR	RAP	PS3 DLC	聖闘士星矢 ブレイブ・ソルジャーズ(追加コンテンツ)	
2026-09-08	JP0700-NPJB00450_00-DLC0000000007DSN	RAP	PS3 DLC	聖闘士星矢 ブレイブ・ソルジャーズ(追加コンテンツ)	
2026-09-08	JP0700-NPJB00450_00-DLC0000000008DMU	RAP	PS3 DLC	聖闘士星矢 ブレイブ・ソルジャーズ(追加コンテンツ)	
2026-09-08	JP0700-NPJB00450_00-DLC0000000009DIR	RAP	PS3 DLC	聖闘士星矢 ブレイブ・ソルジャーズ(追加コンテンツ)	
2026-09-08	JP0700-NPJB00450_00-DLC0000000010DIS	RAP	PS3 DLC	聖闘士星矢 ブレイブ・ソルジャーズ(追加コンテンツ)	
2026-09-08	JP0700-NPJB00450_00-DLC0000000011DSA	RAP	PS3 DLC	聖闘士星矢 ブレイブ・ソルジャーズ(追加コンテンツ)	
2026-09-08	JP0700-NPJB00450_00-DLC0000000012DKM	RAP	PS3 DLC	聖闘士星矢 ブレイブ・ソルジャーズ(追加コンテンツ)	
2026-09-08	JP0700-NPJB00450_00-DLC0000000013DKN	RAP	PS3 DLC	聖闘士星矢 ブレイブ・ソルジャーズ(追加コンテンツ)	
2026-09-08	JP0700-NPJB00450_00-DLC0000000014VRG	RAP	PS3 DLC	聖闘士星矢 ブレイブ・ソルジャーズ(追加コンテンツ)	
2026-09-08	JP0700-NPJB00450_00-DLC0000000015LEO	RAP	PS3 DLC	聖闘士星矢 ブレイブ・ソルジャーズ(追加コンテンツ)	
2026-09-08	JP0700-NPJB00450_00-DLC0000000016ODN	RAP	PS3 DLC	聖闘士星矢 ブレイブ・ソルジャーズ(追加コンテンツ)	
2026-09-08	JP0700-NPJB00450_00-DLC0000000017JRA	RAP	PS3 DLC	聖闘士星矢 ブレイブ・ソルジャーズ(追加コンテンツ)	
2026-09-08	JP0700-NPJB00450_00-DLC0000000018SON	RAP	PS3 DLC	聖闘士星矢 ブレイブ・ソルジャーズ(追加コンテンツ)	
2026-09-08	JP0700-NPJB00450_00-DLC0000000019DSE	RAP	PS3 DLC	聖闘士星矢 ブレイブ・ソルジャーズ(追加コンテンツ)	
2026-09-08	JP0700-NPJB00450_00-DLC0000000020DSE	RAP	PS3 DLC	聖闘士星矢 ブレイブ・ソルジャーズ(追加コンテンツ)	
2026-09-08	JP0700-NPJB00450_00-DLC0000000021DSE	RAP	PS3 DLC	聖闘士星矢 ブレイブ・ソルジャーズ(追加コンテンツ)	
2026-09-08	JP0700-NPJB00450_00-DLC0000000023DSR	RAP	PS3 DLC	聖闘士星矢 ブレイブ・ソルジャーズ(追加コンテンツ)	
2026-09-08	JP0700-NPJB00450_00-DLC0000000024DSR	RAP	PS3 DLC	聖闘士星矢 ブレイブ・ソルジャーズ(追加コンテンツ)	
2026-09-08	JP0700-NPJB00450_00-DLC0000000025DHY	RAP	PS3 DLC	聖闘士星矢 ブレイブ・ソルジャーズ(追加コンテンツ)	
2026-09-08	JP0700-NPJB00450_00-DLC0000000026DHY	RAP	PS3 DLC	聖闘士星矢 ブレイブ・ソルジャーズ(追加コンテンツ)	
2026-09-08	JP0700-NPJB00450_00-DLC0000000027DSY	RAP	PS3 DLC	聖闘士星矢 ブレイブ・ソルジャーズ(追加コンテンツ)	
2026-09-08	JP0700-NPJB00450_00-DLC0000000028DSY	RAP	PS3 DLC	聖闘士星矢 ブレイブ・ソルジャーズ(追加コンテンツ)	
2026-09-08	JP0700-NPJB00450_00-DLC0000000029DIK	RAP	PS3 DLC	聖闘士星矢 ブレイブ・ソルジャーズ(追加コンテンツ)	
2026-09-08	JP0700-NPJB00450_00-DLC0000000030DIK	RAP	PS3 DLC	聖闘士星矢 ブレイブ・ソルジャーズ(追加コンテンツ)	
2026-09-08	JP0700-NPJB00450_00-DLC0000000031DMR	RAP	PS3 DLC	聖闘士星矢 ブレイブ・ソルジャーズ(追加コンテンツ)	
2026-09-08	JP0700-NPJB00450_00-DLC0000000032DMR	RAP	PS3 DLC	聖闘士星矢 ブレイブ・ソルジャーズ(追加コンテンツ)	
2026-09-08	JP0700-NPJB00450_00-DLC0000000033DSN	RAP	PS3 DLC	聖闘士星矢 ブレイブ・ソルジャーズ(追加コンテンツ)	
2026-09-08	JP0700-NPJB00450_00-DLC0000000034DSN	RAP	PS3 DLC	聖闘士星矢 ブレイブ・ソルジャーズ(追加コンテンツ)	
2026-09-08	JP0700-NPJB00450_00-SAINTSEIYABSCT01	RAP	PS3 THEME	none	
2026-09-08	JP0700-NPJB00450_00-SAINTSEIYABSCT02	RAP	PS3 THEME	none	
2026-09-08	JP0700-NPJB00450_00-SAINTSEIYABSCT03	RAP	PS3 THEME	none	
2026-09-08	JP0700-NPJB00450_00-SAINTSEIYABSCT04	RAP	PS3 THEME	none	
2026-09-08	JP0700-NPJB00450_00-SAINTSEIYABSCT05	RAP	PS3 THEME	none	
2026-09-08	JP0700-NPJB00450_00-SAINTSEIYABSCT06	RAP	PS3 THEME	none	
2026-09-08	JP0700-NPJB00450_00-SAINTSEIYABSCT07	RAP	PS3 THEME	none	
2026-09-08	JP0700-NPJB00450_00-SAINTSEIYABSCT08	RAP	PS3 THEME	none	
2026-09-08	JP0700-NPJB00450_00-SAINTSEIYABSCT09	RAP	PS3 THEME	none	
2026-09-08	JP0700-NPJB00450_00-SAINTSEIYABSCT10	RAP	PS3 THEME	none	
2026-09-08	JP0700-NPJB00512_00-FBCSMACHINE00003	RAP	PS3 DLC	機動戦士ガンダム エクストリームバーサス フルブースト	
2026-09-08	JP0700-NPJB00512_00-FBCSMACHINE00010	RAP	PS3 DLC	機動戦士ガンダム エクストリームバーサス フルブースト	
2026-09-08	JP0700-NPJB00519_00-THEME00000000000	RAP	PS3 THEME	none	
2026-09-08	JP0700-NPJB00533_00-DMS0000000000000	RAP	PS3 DLC	真・ガンダム無双-ダウンロードコンテンツ	
2026-09-08	JP0700-NPJB00533_00-DMS0000000000001	RAP	PS3 DLC	真・ガンダム無双-ダウンロードコンテンツ	
2026-09-08	JP0700-NPJB00533_00-DMS0000000000002	RAP	PS3 DLC	真・ガンダム無双-ダウンロードコンテンツ	
2026-09-08	JP0700-NPJB00533_00-DMS0000000000003	RAP	PS3 DLC	真・ガンダム無双-ダウンロードコンテンツ	
2026-09-08	JP0700-NPJB00533_00-DMS0000000000004	RAP	PS3 DLC	真・ガンダム無双-ダウンロードコンテンツ	
2026-09-08	JP0700-NPJB00533_00-DMS0000000000005	RAP	PS3 DLC	真・ガンダム無双-ダウンロードコンテンツ	
2026-09-08	JP0700-NPJB00533_00-DSC0000000000000	RAP	PS3 DLC	真・ガンダム無双-ダウンロードコンテンツ	
2026-09-08	JP0700-NPJB00533_00-DSC0000000000001	RAP	PS3 DLC	真・ガンダム無双-ダウンロードコンテンツ	
2026-09-08	JP0700-NPJB00533_00-DSC0000000000002	RAP	PS3 DLC	真・ガンダム無双-ダウンロードコンテンツ	
2026-09-08	JP0700-NPJB00533_00-DSC0000000000003	RAP	PS3 DLC	真・ガンダム無双-ダウンロードコンテンツ	
2026-09-08	JP0700-NPJB00533_00-DSC0000000000004	RAP	PS3 DLC	真・ガンダム無双-ダウンロードコンテンツ	
2026-09-08	JP0700-NPJB00533_00-DSC0000000000005	RAP	PS3 DLC	真・ガンダム無双-ダウンロードコンテンツ	
2026-09-08	JP0700-NPJB00533_00-DSC0000000000006	RAP	PS3 DLC	真・ガンダム無双-ダウンロードコンテンツ	
2026-09-08	JP0700-NPJB00533_00-DSC0000000000007	RAP	PS3 DLC	真・ガンダム無双-ダウンロードコンテンツ	
2026-09-08	JP0700-NPJB00533_00-DSC0000000000008	RAP	PS3 DLC	真・ガンダム無双-ダウンロードコンテンツ	
2026-09-08	JP0700-NPJB00533_00-DSC0000000000009	RAP	PS3 DLC	真・ガンダム無双-ダウンロードコンテンツ	
2026-09-08	JP0700-NPJB00533_00-DSC0000000000010	RAP	PS3 DLC	真・ガンダム無双-ダウンロードコンテンツ	
2026-09-08	JP0700-NPJB00533_00-DSC0000000000012	RAP	PS3 DLC	真・ガンダム無双-ダウンロードコンテンツ	
2026-09-08	JP0700-NPJB00533_00-DSC0000000000013	RAP	PS3 DLC	真・ガンダム無双-ダウンロードコンテンツ	
2026-09-08	JP0700-NPJB00533_00-DSC0000000000014	RAP	PS3 DLC	真・ガンダム無双-ダウンロードコンテンツ	
2026-09-08	JP0700-NPJB00533_00-DSC0000000000015	RAP	PS3 DLC	真・ガンダム無双-ダウンロードコンテンツ	
2026-09-08	JP0700-NPJB00533_00-DSC0000000000016	RAP	PS3 DLC	真・ガンダム無双-ダウンロードコンテンツ	
2026-09-08	JP0700-NPJB00547_00-WJ45JSVVSPS3CT01	RAP	PS3 THEME	none	
2026-09-08	JP0700-NPJB00547_00-WJ45JSVVSPS3CT02	RAP	PS3 THEME	none	
2026-09-08	JP0700-NPJB00547_00-WJ45JSVVSPS3CT03	RAP	PS3 THEME	none	
2026-09-08	JP0700-NPJB00547_00-WJ45JSVVSPS3CT04	RAP	PS3 THEME	none	
2026-09-08	JP0700-NPJB00547_00-WJ45JSVVSPS3CT05	RAP	PS3 THEME	none	
2026-09-08	JP0700-NPJB00547_00-WJ45JSVVSPS3CT06	RAP	PS3 THEME	none	
2026-09-08	JP0700-NPJB00600_00-HEROESPS3HGX0100	RAP	PS3 GAME	スーパーヒーロージェネレーション	
2026-09-08	JP0700-NPJB00649_00-GUNDAMBREAKER2PM	RAP	PS3 GAME	ガンダムブレイカー2	
2026-09-08	JP0700-NPJB00666_00-GODZILLA00000000	RAP	PS3 GAME	ゴジラ-GODZILLA-	
2026-09-08	JP0700-NPJB00666_00-GODZILLA20140000	RAP	PS3 DLC	ゴジラ-GODZILLA- 追加データ	
2026-09-08	JP0700-NPJB00671_00-DBXVKEY01FTPJ000	RAP	PS3 DLC	DRAGON BALL XENOVERSE 追加コンテンツデータ	
2026-09-08	JP0700-NPJB00671_00-DBXVKEY02SS4V000	RAP	PS3 DLC	DRAGON BALL XENOVERSE 追加コンテンツデータ	
2026-09-08	JP0700-NPJB00671_00-DBXVTHEME0000003	RAP	PS3 THEME	none	
2026-09-08	JP0700-NPJB00671_00-DBXVTHEME0000004	RAP	PS3 THEME	none	
2026-09-08	JP0700-NPJB00671_00-DBXVTHEME0000005	RAP	PS3 THEME	none	
2026-09-08	JP0700-NPJB00671_00-DBXVTHEME0000006	RAP	PS3 THEME	none	
2026-09-08	JP0700-NPJB00682_00-PS3IPPO4DOWNLOAD	RAP	PS3 GAME	はじめの一歩	
2026-09-08	JP0700-NPJB00712_00-OP3COSTUME000000	RAP	PS3 DLC	ワンピース 海賊無双３-ダウンロードコンテンツ	
2026-09-08	JP0700-NPJB00712_00-OP3COSTUME000001	RAP	PS3 DLC	ワンピース 海賊無双３-ダウンロードコンテンツ	
2026-09-08	JP0700-NPJB00712_00-OP3COSTUME000002	RAP	PS3 DLC	ワンピース 海賊無双３-ダウンロードコンテンツ	
2026-09-08	JP0700-NPJB00712_00-OP3COSTUME000003	RAP	PS3 DLC	ワンピース 海賊無双３-ダウンロードコンテンツ	
2026-09-08	JP0700-NPJB00712_00-OP3COSTUME000004	RAP	PS3 DLC	ワンピース 海賊無双３-ダウンロードコンテンツ	
2026-09-08	JP0700-NPJB00712_00-OP3COSTUME000005	RAP	PS3 DLC	ワンピース 海賊無双３-ダウンロードコンテンツ	
2026-09-08	JP0700-NPJB00712_00-OP3COSTUME000006	RAP	PS3 DLC	ワンピース 海賊無双３-ダウンロードコンテンツ	
2026-09-08	JP0700-NPJB00712_00-OP3COSTUME000007	RAP	PS3 DLC	ワンピース 海賊無双３-ダウンロードコンテンツ	
2026-09-08	JP0700-NPJB00712_00-OP3COSTUME000008	RAP	PS3 DLC	ワンピース 海賊無双３-ダウンロードコンテンツ	
2026-09-08	JP0700-NPJB00712_00-OP3COSTUME000009	RAP	PS3 DLC	ワンピース 海賊無双３-ダウンロードコンテンツ	
2026-09-08	JP0700-NPJB00712_00-OP3COSTUME000011	RAP	PS3 DLC	ワンピース 海賊無双３-ダウンロードコンテンツ	
2026-09-08	JP0700-NPJB00712_00-OP3COSTUME000012	RAP	PS3 DLC	ワンピース 海賊無双３-ダウンロードコンテンツ	
2026-09-08	JP0700-NPJB00712_00-OP3COSTUME000013	RAP	PS3 DLC	ワンピース 海賊無双３-ダウンロードコンテンツ	
2026-09-08	JP0700-NPJB00712_00-OP3COSTUME000014	RAP	PS3 DLC	ワンピース 海賊無双３-ダウンロードコンテンツ	
2026-09-08	JP0700-NPJB00712_00-OP3COSTUME000015	RAP	PS3 DLC	ワンピース 海賊無双３-ダウンロードコンテンツ	
2026-09-08	JP0700-NPJB00712_00-OP3COSTUME000016	RAP	PS3 DLC	ワンピース 海賊無双３-ダウンロードコンテンツ	
2026-09-08	JP0700-NPJB00712_00-OP3COSTUME000017	RAP	PS3 DLC	ワンピース 海賊無双３-ダウンロードコンテンツ	
2026-09-08	JP0700-NPJB00712_00-OP3COSTUME000018	RAP	PS3 DLC	ワンピース 海賊無双３-ダウンロードコンテンツ	
2026-09-08	JP0700-NPJB00712_00-OP3COSTUME000019	RAP	PS3 DLC	ワンピース 海賊無双３-ダウンロードコンテンツ	
2026-09-08	JP0700-NPJB00712_00-OP3COSTUME000020	RAP	PS3 DLC	ワンピース 海賊無双３-ダウンロードコンテンツ	
2026-09-08	JP0700-NPJB00712_00-OP3COSTUME000021	RAP	PS3 DLC	ワンピース 海賊無双３-ダウンロードコンテンツ	
2026-09-08	JP0700-NPJB00712_00-OP3SCENARIO00000	RAP	PS3 DLC	ワンピース 海賊無双３-ダウンロードコンテンツ	
2026-09-08	JP0700-NPJB00712_00-OP3SCENARIO00001	RAP	PS3 DLC	ワンピース 海賊無双３-ダウンロードコンテンツ	
2026-09-08	JP0700-NPJB00712_00-OP3SCENARIO00002	RAP	PS3 DLC	ワンピース 海賊無双３-ダウンロードコンテンツ	
2026-09-08	JP0700-NPJB00712_00-OP3SCENARIO00003	RAP	PS3 DLC	ワンピース 海賊無双３-ダウンロードコンテンツ	
2026-09-08	JP0700-NPJB00712_00-OP3SCENARIO00004	RAP	PS3 DLC	ワンピース 海賊無双３-ダウンロードコンテンツ	
2026-09-08	JP0700-NPJB00712_00-OP3SCENARIO00005	RAP	PS3 DLC	ワンピース 海賊無双３-ダウンロードコンテンツ	
2026-09-08	JP0700-NPJB00712_00-OP3SCENARIO00006	RAP	PS3 DLC	ワンピース 海賊無双３-ダウンロードコンテンツ	
2026-09-08	JP0700-NPJB00712_00-OP3SCENARIO00007	RAP	PS3 DLC	ワンピース 海賊無双３-ダウンロードコンテンツ	
2026-09-08	JP0700-NPJB00712_00-OP3SCENARIO00008	RAP	PS3 DLC	ワンピース 海賊無双３-ダウンロードコンテンツ	
2026-09-08	JP0700-NPJB00712_00-OP3SCENARIO00009	RAP	PS3 DLC	ワンピース 海賊無双３-ダウンロードコンテンツ	
2026-09-08	JP0700-NPJB00712_00-OP3UNLOCK0000000	RAP	PS3 DLC	ワンピース 海賊無双３-ダウンロードコンテンツ	
2026-09-08	JP0700-NPJB00753_00-ADDPART4JOTAROKU	RAP	PS3 DLC	ジョジョの奇妙な冒険 アイズオブヘブン 追加コンテンツ	
2026-09-08	JP0700-NPJB00753_00-DLMISSIONPACK001	RAP	PS3 DLC	ジョジョの奇妙な冒険 アイズオブヘブン 追加コンテンツ	
2026-09-08	JP0700-NPJB00753_00-DLMISSIONPACK002	RAP	PS3 DLC	ジョジョの奇妙な冒険 アイズオブヘブン 追加コンテンツ	
2026-09-08	JP0700-NPJB00753_00-DLMISSIONPACK003	RAP	PS3 DLC	ジョジョの奇妙な冒険 アイズオブヘブン 追加コンテンツ	
2026-09-08	JP0700-NPJB00753_00-DLMISSIONPACK004	RAP	PS3 DLC	ジョジョの奇妙な冒険 アイズオブヘブン 追加コンテンツ	
2026-09-08	JP0700-NPJB00753_00-DLMISSIONPACK005	RAP	PS3 DLC	ジョジョの奇妙な冒険 アイズオブヘブン 追加コンテンツ	
2026-09-08	JP0700-NPJB00758_00-MRWLNEDLC0000000	RAP	PS3 DLC	仮面ライダー バトライド・ウォー 創生 追加データ	
2026-09-08	JP0700-NPJB60190_00-WJ45JSVVSPS300PV	RAP	PS3 GAME	ジャンプヒーローズバイブル スペシャルムービー集	
2026-09-08	JP0700-NPJB90679_00-DBZBOZVJTRIALVER	RAP	PS3 GAME	ドラゴンボールZ BATTLE OF Z Vジャンプ体験版	
2026-09-08	JP9003-NPJQ00043_00-AVATAR1402FW0003	RAP	PS3 AVATAR	none	
2026-09-08	JP9003-NPJQ00043_00-AVATAR1402FW0007	RAP	PS3 AVATAR	none	
2026-09-08	JP9003-NPJQ00043_00-AVATAR1402FW0009	RAP	PS3 AVATAR	none	
2026-09-08	JP9003-NPJQ00043_00-AVATAR1402FW0010	RAP	PS3 AVATAR	none	
2026-09-08	JP9003-NPJQ00043_00-AVATAR1402FW0011	RAP	PS3 AVATAR	none	
2026-09-08	JP9003-NPJQ00043_00-AVATAR1403FW0015	RAP	PS3 AVATAR	none	
2026-09-08	UP0006-BLUS30050_00-RBWHATWASCCF04FC	PKG	PS3 DLC	Rock Band	RAP missing
2026-09-08	UP9000-BCUS98114_00-GTACADEMYTHEME02	PKG	PS3 THEME	none	RAP missing
2026-09-08	UP9000-BCUS98114_00-GTACADEMYTHEME03	PKG	PS3 THEME	none	RAP missing
2026-09-02	JP0642-BLJM60060_00-0000VRACDLCH0001	PKG, RAP	PS3 DLC	Vampire Rain: Altered Species	
2026-09-02	JP0642-BLJM60060_00-0000VRACDLCH0002	PKG, RAP	PS3 DLC	Vampire Rain: Altered Species	
2026-09-02	JP0642-BLJM60060_00-0000VRACDLCH0003	PKG, RAP	PS3 DLC	Vampire Rain: Altered Species	
2026-09-02	JP0642-BLJM60060_00-0000VRACDLCH0004	PKG, RAP	PS3 DLC	Vampire Rain: Altered Species	
2026-09-02	JP0642-BLJM60060_00-0000VRACDLCH0005	PKG, RAP	PS3 DLC	Vampire Rain: Altered Species	
2026-09-02	JP0642-BLJM60060_00-0000VRACDLMAP001	PKG, RAP	PS3 DLC	Vampire Rain: Altered Species	
2026-09-02	JP0642-BLJM60060_00-0000VRACDLMAP002	PKG, RAP	PS3 DLC	Vampire Rain: Altered Species	
2026-09-02	JP0642-BLJM60060_00-0000VRACDLRULE01	PKG, RAP	PS3 DLC	Vampire Rain: Altered Species	
2026-09-02	JP0642-BLJM60060_00-0000VRACDLRULE02	PKG, RAP	PS3 DLC	Vampire Rain: Altered Species	
2026-09-02	JP0642-BLJM60060_00-0000VRACDLRULE03	PKG, RAP	PS3 DLC	Vampire Rain: Altered Species	
2026-09-02	JP0642-BLJM60060_00-0000VRACDLTR0001	PKG, RAP	PS3 DLC	Vampire Rain: Altered Species	
2026-09-02	JP0642-BLJM60060_00-0000VRACDLTR0002	PKG, RAP	PS3 DLC	Vampire Rain: Altered Species	
2026-09-02	JP0642-BLJM60060_00-0000VRACDLTR0003	PKG, RAP	PS3 DLC	Vampire Rain: Altered Species	
2026-09-02	UP0178-BLUS30080_00-STRANGLEHOLDDLC1	PKG, RAP	PS3 DLC	STRANGLEHOLD™ Map Pack 1	
2026-09-02	UP0178-BLUS30081_00-STRANGLEHOLDDLC1	PKG, RAP	PS3 DLC	STRANGLEHOLD™ Map Pack 1	
2026-09-01	EP0002-BLES00833_00-TFWFCDLC00000002	PKG	PS3 DLC	Transformers: War for Cybertron	
2026-09-01	EP0700-BLET70048_00-RRDRIFTHDDEU0100	RAP	PS3 GAME	Ridge Racer™ Driftopia	
2026-09-01	EP2025-BLET70031_00-DEFIANCE00000001	RAP	PS3 GAME	DEFIANCE Beta	
2026-09-01	EP9000-BCES00141_00-LBPDLCORIGCO0024	PKG, RAP	PS3 DLC	LittleBigPlanet™ Downloadable content	
2026-09-01	EP9000-BCES00483_00-AVAEYEPETLYHAPPY	PKG, RAP	PS3 AVATAR	none	
2026-09-01	EP9000-BCES00701_00-UFGBACKBURNCHARX	PKG, RAP	PS3 DLC	ModNation™ Racers	
2026-09-01	EP9000-BCES00701_00-UFGBACKBURNKARTX	PKG, RAP	PS3 DLC	ModNation™ Racers	
2026-09-01	EP9000-BCES00764_00-UFGBACKBURNCHARX	PKG, RAP	PS3 DLC	ModNation™ Racers	
2026-09-01	EP9000-BCES00764_00-UFGBACKBURNKARTX	PKG, RAP	PS3 DLC	ModNation™ Racers	
2026-09-01	EP9000-BCES00764_00-UFGVANMANCHARXXX	PKG, RAP	PS3 DLC	ModNation™ Racers	
2026-09-01	EP9000-BCES00764_00-UFGVANMANKARTXXX	PKG, RAP	PS3 DLC	ModNation™ Racers	
2026-09-01	EP9000-BCES00850_00-LBPDLCDSTSCK0001	PKG, RAP	PS3 DLC	LittleBigPlanet™2 Downloadable content	
2026-09-01	EP9000-BCES00850_00-LBPDLCEAMECO0004	PKG, RAP	PS3 DLC	LittleBigPlanet™2 Downloadable content	
2026-09-01	EP9000-BCES01422_00-LBPDLCDSTSCO0003	PKG, RAP	PS3 DLC	LittleBigPlanet™ Karting Downloadable Content	
2026-09-01	EP9000-BCES01422_00-LBPDLCDSTSCO0004	PKG, RAP	PS3 DLC	LittleBigPlanet™ Karting Downloadable Content	
2026-09-01	EP9000-BCES01422_00-LBPDLCDSTSCO0005	PKG, RAP	PS3 DLC	LittleBigPlanet™ Karting Downloadable Content	
2026-09-01	EP9000-BCES01422_00-LBPDLCEAMECO0004	PKG, RAP	PS3 DLC	LittleBigPlanet™ Karting Downloadable Content	
2026-09-01	EP9000-BCET70042_00-GBETARATCH000001	PKG, RAP	PS3 GAME	Ratchet & Clank™: All 4 One - Online Beta	
2026-09-01	EP9000-NPEA00382_00-STARHAWKMPPKG001	PKG	PS3 GAME	Starhawk™ (Multiplayer Edition)	
2026-09-01	EP9000-NPEO00099_00-TKILLZONE3000001	PKG	PS3 THEME	none	
2026-09-01	EP9000-PCSF00021_00-LBPDLCDSTSCK0001	PKG	PSV DLC	Toy Story Costume Pack	zRIF missing
2026-09-01	EP9000-PCSF00021_00-LBPDLCEAMECO0004	PKG	PSV DLC	Garrus Costume	zRIF missing
2026-09-01	EP9000-PCSF00021_00-LBPDLCORIGCO0024	PKG	PSV DLC	Boudica Costume	zRIF missing
2026-08-30	EP4389-BLES02032_00-BNDTRKPK001SX001	PKG, RAP	PS3 DLC	MX vs ATV Supercross	
2026-08-30	EP4389-BLES02032_00-BNDTRKPK002SX001	PKG, RAP	PS3 DLC	MX vs ATV Supercross	
2026-08-30	EP4389-BLES02032_00-BNDTRKPK003SX001	PKG, RAP	PS3 DLC	MX vs ATV Supercross	
2026-08-30	EP4389-BLES02032_00-BNDTRKPK004SX001	PKG, RAP	PS3 DLC	MX vs ATV Supercross	
2026-08-30	EP4389-BLES02032_00-BNDTRKPK005JS001	PKG, RAP	PS3 DLC	MX vs ATV Supercross	
2026-08-30	EP4389-BLES02032_00-BNDTRKPK006SR001	PKG, RAP	PS3 DLC	MX vs ATV Supercross	
2026-08-30	EP4389-BLES02032_00-BNDTRKPK007WP001	PKG, RAP	PS3 DLC	MX vs ATV Supercross	
2026-08-30	EP4389-BLES02032_00-BNDTRKPK008SR001	PKG, RAP	PS3 DLC	MX vs ATV Supercross	
2026-08-30	EP4389-BLES02032_00-VEHHON11125RM001	PKG, RAP	PS3 DLC	MX vs ATV Supercross	
2026-08-30	EP4389-BLES02032_00-VEHHON11250FM001	PKG, RAP	PS3 DLC	MX vs ATV Supercross	
2026-08-30	EP4389-BLES02032_00-VEHHON11450FA001	PKG, RAP	PS3 DLC	MX vs ATV Supercross	
2026-08-30	EP4389-BLES02032_00-VEHHON11450FM001	PKG, RAP	PS3 DLC	MX vs ATV Supercross	
2026-08-30	EP4389-BLES02032_00-VEHHUS15125RM001	PKG, RAP	PS3 DLC	MX vs ATV Supercross	
2026-08-30	EP4389-BLES02032_00-VEHHUS15250RM001	PKG, RAP	PS3 DLC	MX vs ATV Supercross	
2026-08-30	EP4389-BLES02032_00-VEHHUS15350FM001	PKG, RAP	PS3 DLC	MX vs ATV Supercross	
2026-08-30	EP4389-BLES02032_00-VEHHUS15450FM001	PKG, RAP	PS3 DLC	MX vs ATV Supercross	
2026-08-30	EP4389-BLES02032_00-VEHKAW11125RM001	PKG, RAP	PS3 DLC	MX vs ATV Supercross	
2026-08-30	EP4389-BLES02032_00-VEHKAW11250FM001	PKG, RAP	PS3 DLC	MX vs ATV Supercross	
2026-08-30	EP4389-BLES02032_00-VEHKAW11450FA001	PKG, RAP	PS3 DLC	MX vs ATV Supercross	
2026-08-30	EP4389-BLES02032_00-VEHKAW11450FM001	PKG, RAP	PS3 DLC	MX vs ATV Supercross	
2026-08-30	EP4389-BLES02032_00-VEHKTM11450FA001	PKG, RAP	PS3 DLC	MX vs ATV Supercross	
2026-08-30	EP4389-BLES02032_00-VEHKTM14125RM001	PKG, RAP	PS3 DLC	MX vs ATV Supercross	
2026-08-30	EP4389-BLES02032_00-VEHKTM14250FM001	PKG, RAP	PS3 DLC	MX vs ATV Supercross	
2026-08-30	EP4389-BLES02032_00-VEHKTM14350FM001	PKG, RAP	PS3 DLC	MX vs ATV Supercross	
2026-08-30	EP4389-BLES02032_00-VEHKTM14450FM001	PKG, RAP	PS3 DLC	MX vs ATV Supercross	
2026-08-30	EP4389-BLES02032_00-VEHKTM15125RM001	PKG, RAP	PS3 DLC	MX vs ATV Supercross	
2026-08-30	EP4389-BLES02032_00-VEHKTM15250FM001	PKG, RAP	PS3 DLC	MX vs ATV Supercross	
2026-08-30	EP4389-BLES02032_00-VEHKTM15250RM001	PKG, RAP	PS3 DLC	MX vs ATV Supercross	
2026-08-30	EP4389-BLES02032_00-VEHKTM15350FM001	PKG, RAP	PS3 DLC	MX vs ATV Supercross	
2026-08-30	EP4389-BLES02032_00-VEHKTM15450FM001	PKG, RAP	PS3 DLC	MX vs ATV Supercross	
2026-08-30	EP4389-BLES02032_00-VEHMXPFRAINTR001	PKG, RAP	PS3 DLC	MX vs ATV Supercross	
2026-08-30	EP4389-BLES02032_00-VEHNOR15250RM001	PKG, RAP	PS3 DLC	MX vs ATV Supercross	
2026-08-30	EP4389-BLES02032_00-VEHUSM15250FM001	PKG, RAP	PS3 DLC	MX vs ATV Supercross	
2026-08-30	JP0106-PCSG00992_00-HARUKA3VSTORYS01	PKG, zRIF	PSV DLC	後日談・春 有川将臣	
2026-08-30	JP0106-PCSG00992_00-HARUKA3VSTORYS02	PKG, zRIF	PSV DLC	後日談・春 ヒノエ	
2026-08-30	JP0106-PCSG00992_00-HARUKA3VSTORYS03	PKG, zRIF	PSV DLC	後日談・春 有川 譲	
2026-08-30	JP0106-PCSG00992_00-HARUKA3VSTORYS04	PKG, zRIF	PSV DLC	後日談・春 平 敦盛	
2026-08-30	JP0106-PCSG00992_00-HARUKA3VSTORYS05	PKG, zRIF	PSV DLC	後日談 銀	
2026-08-30	JP0106-PCSG00992_00-HARUKA3VSTORYS06	PKG, zRIF	PSV DLC	後日談・春 源九郎義経	
2026-08-30	JP0106-PCSG00992_00-HARUKA3VSTORYS07	PKG, zRIF	PSV DLC	後日談・春 武蔵坊弁慶	
2026-08-30	JP0106-PCSG00992_00-HARUKA3VSTORYS08	PKG, zRIF	PSV DLC	後日談・春 梶原景時	
2026-08-30	JP0106-PCSG00992_00-HARUKA3VSTORYS09	PKG, zRIF	PSV DLC	後日談・春 リズヴァーン	
2026-08-30	JP0106-PCSG00992_00-HARUKA3VSTORYS10	PKG, zRIF	PSV DLC	後日談 平 知盛	
2026-08-30	JP0106-PCSG00992_00-HARUKA3VSTORYS15	PKG, zRIF	PSV DLC	後日談・夏 源九郎義経	
2026-08-30	JP0106-PCSG00992_00-HARUKA3VSTORYS16	PKG, zRIF	PSV DLC	後日談・夏 武蔵坊弁慶	
2026-08-30	JP0106-PCSG00992_00-HARUKA3VSTORYS17	PKG, zRIF	PSV DLC	後日談・夏 梶原景時	
2026-08-30	JP0106-PCSG00992_00-HARUKA3VSTORYS18	PKG, zRIF	PSV DLC	後日談・夏 リズヴァーン	
2026-08-30	JP0106-PCSG00992_00-HARUKA3VSTORYS27	PKG, zRIF	PSV DLC	後日談・冬 有川将臣	
2026-08-30	JP0106-PCSG00992_00-HARUKA3VSTORYS28	PKG, zRIF	PSV DLC	後日談・冬 ヒノエ	
2026-08-30	JP0106-PCSG00992_00-HARUKA3VSTORYS29	PKG, zRIF	PSV DLC	後日談・冬 有川 譲	
2026-08-30	JP0106-PCSG00992_00-HARUKA3VSTORYS30	PKG, zRIF	PSV DLC	後日談・冬 平 敦盛	
2026-08-30	JP0393-PCSG00065_00-0000000000000000	PKG, zRIF	PSV DLC	フェイの女の子補完化計画	
2026-08-30	JP0393-PCSG00065_00-0000000000000001	PKG, zRIF	PSV DLC	クラウスのパリジェンヌへの道	
2026-08-30	JP0393-PCSG00065_00-0000000000000002	PKG, zRIF	PSV DLC	エイミー英雄記	
2026-08-30	JP0393-PCSG00065_00-0000000000000004	PKG, zRIF	PSV DLC	大和魂ここにあり	
2026-08-30	UP0006-BLUS30854_00-TGRWDS013E000002	PKG	PS3 DLC	TW PGA TOUR® 13	RAP missing
2026-08-30	UP0006-BLUS31069_00-AO4OPP0000000000	PKG	PS3 DLC	Army of TWO™ The Devil's Cartel	RAP missing
2026-08-30	UP2034-NPUB30206_00-JOEDANGERHG00001	PKG	PS3 GAME	Joe Danger	
2026-08-30	UP9000-NPUA80864_00-5555000000020124	PKG	PS3 DLC	Hot Shots Golf™: World Invitational	RAP missing
2026-08-30	UT0001-NPUP00001_00-AMZNGPEAKSPS3TM1	PKG	PS3 THEME	none	RAP missing
2026-08-29	HP0425-PCSH00114_00-EDSENNOKISEKI2ND	zRIF	PSV GAME	영웅전설 섬의 궤적II 체험판	
2026-08-29	HP0507-PCSH00279_00-000000THEME002KR	zRIF	PSV THEME	UPPERS MEN'S ver. Theme	
2026-08-29	HP0507-PCSH00279_00-000000THEME003KR	zRIF	PSV THEME	UPPERS QUEEN ver. Theme	
2026-08-29	HP0700-BLAS50618_00-ACVDCATALOG00100	RAP	PS3 DLC	Armored Core™: Verdict Day™ Add-on content	
2026-08-29	HP9000-NPHO00016_00-PS3MIUMIUHOUSEKR	RAP	PS3 THEME	none	
2026-08-29	KP0002-NPHB00047_00-FRACTUREDEMOSCEK	RAP	PS3 GAME	Fracture Demo	
2026-08-29	KP0004-PCSH00098_00-NORDLCONTENTS002	zRIF	PSV DLC	초여신신앙 느와르 격신 블랙 하트 잇승의 초심자용 아이템 세트	
2026-08-29	KP0004-PCSH00306_00-KAZETHEME0000000	zRIF	PSV THEME	「박앵귀 바람의 장」 꼬마 캐릭터 테마	
2026-08-28	HP5035-PCSH00217_00-FARMINGSIMULAT16	zRIF			PKG Link missing
2026-08-28	HP9000-PCSD00054_00-000000D121213V00	zRIF	PSV GAME	상자！ digest ver.	
2026-08-26	JP0106-PCSG00542_00-HARUKA6MNL000001	PKG, zRIF	PSV DLC	遙かなる時空の中で６ 攻略ガイド・マップデータ編	
2026-08-26	JP0106-PCSG00542_00-HARUKA6MNL000002	PKG, zRIF	PSV DLC	遙かなる時空の中で６ 攻略ガイド・札データ編	
2026-08-26	JP0106-PCSG00542_00-HARUKA6MNL000003	PKG, zRIF	PSV DLC	遙かなる時空の中で６ 攻略ガイド・有馬編	
2026-08-26	JP0106-PCSG00542_00-HARUKA6MNL000004	PKG, zRIF	PSV DLC	遙かなる時空の中で６ 攻略ガイド・ダリウス編	
2026-08-26	JP0106-PCSG00542_00-HARUKA6MNL000005	PKG, zRIF	PSV DLC	遙かなる時空の中で６ 攻略ガイド・コハク編	
2026-08-26	JP0106-PCSG00542_00-HARUKA6MNL000006	PKG, zRIF	PSV DLC	遙かなる時空の中で６ 攻略ガイド・秋兵編	
2026-08-26	JP0106-PCSG00542_00-HARUKA6MNL000007	PKG, zRIF	PSV DLC	遙かなる時空の中で６ 攻略ガイド・ルード編	
2026-08-26	JP0106-PCSG00542_00-HARUKA6MNL000008	PKG, zRIF	PSV DLC	遙かなる時空の中で６ 攻略ガイド・虎編	
2026-08-26	JP0106-PCSG00542_00-HARUKA6MNL000009	PKG, zRIF	PSV DLC	遙かなる時空の中で６ 攻略ガイド・九段編	
2026-08-26	JP0106-PCSG00542_00-HARUKA6MNL000010	PKG, zRIF	PSV DLC	遙かなる時空の中で６ 攻略ガイド・村雨編	
2026-08-26	JP0106-PCSG00542_00-HARUKA6MNL000011	PKG, zRIF	PSV DLC	ノベル・有馬＆秋兵編	
2026-08-26	JP0106-PCSG00542_00-HARUKA6MNL000012	PKG, zRIF	PSV DLC	ノベル・九段＆村雨編	
2026-08-26	JP0106-PCSG00542_00-HARUKA6MNL000013	PKG, zRIF	PSV DLC	ノベル・コハク＆虎編	
2026-08-26	JP0106-PCSG00542_00-HARUKA6MNL000014	PKG, zRIF	PSV DLC	ノベル・ダリウス＆ルード編	
2026-08-22	EP0002-BLES00577_00-TF2DLCPACK000001	RAP	PS3 DLC	Dlc Content	
2026-08-22	EP0002-BLES00833_00-TFWFCDLC00000002	RAP	PS3 DLC	Transformers: War for Cybertron	
2026-08-22	EP0002-BLES01153_00-TFOCEUDLC0000001	RAP	PS3 DLC	Transformers: Fall of Cybertron	
2026-08-22	EP0002-BLES01153_00-TFOCEUDLC0000002	RAP	PS3 DLC	Transformers: Fall of Cybertron	
2026-08-22	EP2015-NPEB00293_00-CASTLECRASHDLC01	RAP	PS3 DLC	Pink Knight Pack	
2026-08-22	EP9000-BCES00141_00-LBPDLCORIGCO0023	RAP	PS3 DLC	LittleBigPlanet™ Downloadable content	
2026-08-22	EP9000-BCES00141_00-LBPDLCSEGACO0001	RAP	PS3 DLC	LittleBigPlanet™ Downloadable content	
2026-08-22	EP9000-BCES00483_00-AVAEYEPETBGOALIE	RAP	PS3 AVATAR	none	
2026-08-22	EP9000-BCES00483_00-AVAEYEPETMUSICDJ	RAP	PS3 AVATAR	none	
2026-08-22	EP9000-BCES01422_00-LBPDLCDSMUCO0001	RAP	PS3 DLC	LittleBigPlanet™ Karting Downloadable Content	
2026-08-22	EP9000-BCES01422_00-LBPDLCDSTRCO0001	RAP	PS3 DLC	LittleBigPlanet™ Karting Downloadable Content	
2026-08-22	EP9000-BCES01422_00-LBPDLCDSTSCO0002	RAP	PS3 DLC	LittleBigPlanet™ Karting Downloadable Content	
2026-08-22	EP9000-BCET70023_00-GBETALITTL000001	RAP	PS3 GAME	LittleBigPlanet™ 2 BETA	
2026-08-22	EP9000-BCET70031_00-BETASHIP03311920	RAP	PS3 GAME	inFamous 2 Beta	
2026-08-22	EP9000-BCET70051_00-GBETARATCH000001	RAP	PS3 GAME	Ratchet & Clank™: QForce - Public Beta	
2026-08-22	EP9000-NPEA00154_00-KGRAVITYCR000001	RAP	PS3 DLC	NPEA00154 - Unlock Key	
2026-08-22	EP9000-NPEA00382_00-STARHAWKMPPKG001	RAP	PS3 GAME	Starhawk™ (Multiplayer Edition)	
2026-08-22	EP9000-NPEO00099_00-TKILLZONE3000001	RAP	PS3 THEME	none	
2026-08-22	EP9000-NPEO00160_00-TGODOFWARA000002	RAP	PS3 THEME	none	
2026-08-22	EP9000-NPEO50025_00-WKAHOOTSWA000001	RAP	PS3 THEME	none	
2026-08-22	JP0393-PCSG00065_00-0000000000000003	PKG, zRIF	PSV DLC	目指せ！トップアイドル！	
2026-08-19	EP0006-BLES00984_00-NHL11ONLINEPASS1	RAP			PKG Link missing
2026-08-19	EP0006-BLES01357_00-NHL12BOOSTPACK02	RAP			PKG Link missing
2026-08-19	EP0006-BLES01357_00-NHL12BOOSTPACK07	RAP			PKG Link missing
2026-08-19	EP0006-BLES01357_00-NHL12BOOSTPACK14	RAP			PKG Link missing
2026-08-19	EP0006-BLES01357_00-NHL12ONLINEFREE1	RAP			PKG Link missing
2026-08-19	EP0006-BLES01691_00-NHL13BOOSTPACK07	RAP			PKG Link missing
2026-08-19	EP0006-BLES01691_00-NHL13ONLINEFREE1	RAP			PKG Link missing
2026-08-16	EP1010-BLES00893_00-SWTFU2DLCEU00001	RAP			PKG Link missing
2026-08-16	EP4062-BLES01739_00-DIR0000000000012	RAP			PKG Link missing
2026-08-16	EP4062-BLES01739_00-DIR0000000000013	RAP	PS3 DLC	Dead Island Riptide	
2026-08-16	UP1018-NPUB90121_00-FEAR2THEME000001	PKG	PS3 THEME	none	RAP missing
2026-08-16	UP2035-NPUB31371_00-RIVOKTHEME000001	PKG	PS3 THEME	none	RAP missing
2026-08-16	UP9000-NPUA80536_00-AVAPSMAPETSUKUHI	PKG	PS3 AVATAR	none	RAP missing
2026-08-14	JP0102-BLJM61332_00-PLCOS04705XXX035	PKG	PS3 DLC	戦国BASARA 真田幸村伝 ゲームデータ	
2026-08-14	JP0106-NPJB00534_00-SEN4DLCOS0000027	PKG	PS3 DLC	戦国無双４ 追加コンテンツ	
2026-08-14	JP0106-NPJB00534_00-SEN4DLCOS0000028	PKG	PS3 DLC	戦国無双４ 追加コンテンツ	
2026-08-14	JP0106-NPJB00534_00-SEN4DLCOS0000029	PKG	PS3 DLC	戦国無双４ 追加コンテンツ	
2026-08-14	JP0106-NPJB00534_00-SEN4DLCOS0000030	PKG	PS3 DLC	戦国無双４ 追加コンテンツ	
2026-08-14	JP0106-NPJB00534_00-SEN4DLCOS0000031	PKG	PS3 DLC	戦国無双４ 追加コンテンツ	
2026-08-14	JP0106-NPJB00534_00-SEN4DLCOS0000032	PKG	PS3 DLC	戦国無双４ 追加コンテンツ	
2026-08-14	JP0106-NPJB00534_00-SEN4DLCOS0000033	PKG	PS3 DLC	戦国無双４ 追加コンテンツ	
2026-08-14	JP0106-NPJB00534_00-SEN4DLCOS0000034	PKG	PS3 DLC	戦国無双４ 追加コンテンツ	
2026-08-14	JP0106-NPJB00534_00-SEN4DLCOS0000035	PKG	PS3 DLC	戦国無双４ 追加コンテンツ	
2026-08-14	JP0106-NPJB00534_00-SEN4DLCOS0000036	PKG	PS3 DLC	戦国無双４ 追加コンテンツ	
2026-08-14	JP0106-NPJB00534_00-SEN4DLCOS0000037	PKG	PS3 DLC	戦国無双４ 追加コンテンツ	
2026-08-14	JP0106-NPJB00534_00-SEN4DLCOS0000038	PKG	PS3 DLC	戦国無双４ 追加コンテンツ	
2026-08-14	JP0106-NPJB00534_00-SEN4DLCOS0000039	PKG	PS3 DLC	戦国無双４ 追加コンテンツ	
2026-08-14	JP0106-NPJB00706_00-SEN4EXDLCCOS0000	PKG	PS3 DLC	戦国無双４-Ⅱ 追加コンテンツ	
2026-08-14	JP0106-NPJB00706_00-SEN4EXDLCCOS0001	PKG	PS3 DLC	戦国無双４-Ⅱ 追加コンテンツ	
2026-08-14	JP0106-NPJB00706_00-SEN4EXDLCCOS0002	PKG	PS3 DLC	戦国無双４-Ⅱ 追加コンテンツ	
2026-08-14	JP0106-NPJB00706_00-SEN4EXDLCCOS0003	PKG	PS3 DLC	戦国無双４-Ⅱ 追加コンテンツ	
2026-08-14	JP0106-NPJB00706_00-SEN4EXDLCCOS0004	PKG	PS3 DLC	戦国無双４-Ⅱ 追加コンテンツ	
2026-08-14	JP0106-NPJB00706_00-SEN4EXDLCCOS0005	PKG	PS3 DLC	戦国無双４-Ⅱ 追加コンテンツ	
2026-08-14	JP0106-NPJB00706_00-SEN4EXDLCCOS0006	PKG	PS3 DLC	戦国無双４-Ⅱ 追加コンテンツ	
2026-08-14	JP0106-NPJB00706_00-SEN4EXDLCCOS0007	PKG	PS3 DLC	戦国無双４-Ⅱ 追加コンテンツ	
2026-08-14	JP0106-NPJB00706_00-SEN4EXDLCCOS0008	PKG	PS3 DLC	戦国無双４-Ⅱ 追加コンテンツ	
2026-08-14	JP0106-NPJB00706_00-SEN4EXDLCCOS0009	PKG	PS3 DLC	戦国無双４-Ⅱ 追加コンテンツ	
2026-08-14	JP0106-NPJB00706_00-SEN4EXDLCCOS0010	PKG	PS3 DLC	戦国無双４-Ⅱ 追加コンテンツ	
2026-08-14	JP0106-NPJB00706_00-SEN4EXDLCCOS0011	PKG	PS3 DLC	戦国無双４-Ⅱ 追加コンテンツ	
2026-08-14	JP0106-NPJB00706_00-SEN4EXDLCCOS0012	PKG	PS3 DLC	戦国無双４-Ⅱ 追加コンテンツ	
2026-08-14	JP0106-NPJB00706_00-SEN4EXDLCCOS0013	PKG	PS3 DLC	戦国無双４-Ⅱ 追加コンテンツ	
2026-08-14	JP0106-NPJB00757_00-AMDLC000SPECOS00	PKG	PS3 DLC	アルスラーン戦記×無双	
2026-08-14	JP0106-NPJB00820_00-RIVERJPDLCOS0000	PKG	PS3 DLC	戦国無双 ～真田丸～ 追加コンテンツ	
2026-08-14	JP0106-NPJB00820_00-RIVERJPDLCOS0001	PKG	PS3 DLC	戦国無双 ～真田丸～ 追加コンテンツ	
2026-08-14	JP0106-NPJB00820_00-RIVERJPDLCOS0002	PKG	PS3 DLC	戦国無双 ～真田丸～ 追加コンテンツ	
2026-08-14	JP0106-NPJB00820_00-RIVERJPDLCOS0003	PKG	PS3 DLC	戦国無双 ～真田丸～ 追加コンテンツ	
2026-08-14	JP0106-NPJB00820_00-RIVERJPDLCOS0004	PKG	PS3 DLC	戦国無双 ～真田丸～ 追加コンテンツ	
2026-08-14	JP0106-NPJB00820_00-RIVERJPDLCOS0005	PKG	PS3 DLC	戦国無双 ～真田丸～ 追加コンテンツ	
2026-08-14	JP0106-NPJB00820_00-RIVERJPDLCOS0006	PKG	PS3 DLC	戦国無双 ～真田丸～ 追加コンテンツ	
2026-08-14	JP0106-NPJB00820_00-RIVERJPDLCOS0007	PKG	PS3 DLC	戦国無双 ～真田丸～ 追加コンテンツ	
2026-08-14	JP0106-PCSG00279_00-SEN4DLCOS0000027	PKG	PSV DLC	特別衣装２「お市」	zRIF missing
2026-08-14	JP0106-PCSG00279_00-SEN4DLCOS0000028	PKG	PSV DLC	特別衣装２「阿国」	zRIF missing
2026-08-14	JP0106-PCSG00279_00-SEN4DLCOS0000029	PKG	PSV DLC	特別衣装２「くのいち」	zRIF missing
2026-08-14	JP0106-PCSG00279_00-SEN4DLCOS0000030	PKG	PSV DLC	特別衣装２「濃姫」	zRIF missing
2026-08-14	JP0106-PCSG00279_00-SEN4DLCOS0000031	PKG	PSV DLC	特別衣装２「稲姫」	zRIF missing
2026-08-14	JP0106-PCSG00279_00-SEN4DLCOS0000032	PKG	PSV DLC	特別衣装２「立花誾千代」	zRIF missing
2026-08-14	JP0106-PCSG00279_00-SEN4DLCOS0000033	PKG	PSV DLC	特別衣装２「ねね」	zRIF missing
2026-08-14	JP0106-PCSG00279_00-SEN4DLCOS0000034	PKG	PSV DLC	特別衣装２「ガラシャ」	zRIF missing
2026-08-14	JP0106-PCSG00279_00-SEN4DLCOS0000035	PKG	PSV DLC	特別衣装２「甲斐姫」	zRIF missing
2026-08-14	JP0106-PCSG00279_00-SEN4DLCOS0000036	PKG	PSV DLC	特別衣装２「綾御前」	zRIF missing
2026-08-14	JP0106-PCSG00279_00-SEN4DLCOS0000037	PKG	PSV DLC	特別衣装２「井伊直虎」	zRIF missing
2026-08-14	JP0106-PCSG00279_00-SEN4DLCOS0000038	PKG	PSV DLC	特別衣装２「小少将」	zRIF missing
2026-08-14	JP0106-PCSG00279_00-SEN4DLCOS0000039	PKG	PSV DLC	特別衣装２「早川殿」	zRIF missing
2026-08-14	JP0106-PCSG00527_00-SEN4EXDLCCOS0000	PKG	PSV DLC	特別衣装２「お市」	zRIF missing
2026-08-14	JP0106-PCSG00527_00-SEN4EXDLCCOS0001	PKG	PSV DLC	特別衣装２「阿国」	zRIF missing
2026-08-14	JP0106-PCSG00527_00-SEN4EXDLCCOS0002	PKG	PSV DLC	特別衣装２「くのいち」	zRIF missing
2026-08-14	JP0106-PCSG00527_00-SEN4EXDLCCOS0003	PKG	PSV DLC	特別衣装２「濃姫」	zRIF missing
2026-08-14	JP0106-PCSG00527_00-SEN4EXDLCCOS0004	PKG	PSV DLC	特別衣装２「稲姫」	zRIF missing
2026-08-14	JP0106-PCSG00527_00-SEN4EXDLCCOS0005	PKG	PSV DLC	特別衣装２「立花誾千代」	zRIF missing
2026-08-14	JP0106-PCSG00527_00-SEN4EXDLCCOS0006	PKG	PSV DLC	特別衣装２「ねね」	zRIF missing
2026-08-14	JP0106-PCSG00527_00-SEN4EXDLCCOS0007	PKG	PSV DLC	特別衣装２「ガラシャ」	zRIF missing
2026-08-14	JP0106-PCSG00527_00-SEN4EXDLCCOS0008	PKG	PSV DLC	特別衣装２「甲斐姫」	zRIF missing
2026-08-14	JP0106-PCSG00527_00-SEN4EXDLCCOS0009	PKG	PSV DLC	特別衣装２「綾御前」	zRIF missing
2026-08-14	JP0106-PCSG00527_00-SEN4EXDLCCOS0010	PKG	PSV DLC	特別衣装２「井伊直虎」	zRIF missing
2026-08-14	JP0106-PCSG00527_00-SEN4EXDLCCOS0011	PKG	PSV DLC	特別衣装２「小少将」	zRIF missing
2026-08-14	JP0106-PCSG00527_00-SEN4EXDLCCOS0012	PKG	PSV DLC	特別衣装２「早川殿」	zRIF missing
2026-08-14	JP0106-PCSG00527_00-SEN4EXDLCCOS0013	PKG	PSV DLC	特別衣装３「井伊直虎」	zRIF missing
2026-08-14	JP0106-PCSG00954_00-RIVERJPDLCOS0000	PKG	PSV DLC	NHK大河ドラマ『真田丸』 特製衣装「真田信繁（幸村）赤備え」	zRIF missing
2026-08-14	JP0106-PCSG00954_00-RIVERJPDLCOS0001	PKG	PSV DLC	NHK大河ドラマ『真田丸』 特製衣装「真田信繁（幸村）平服」	zRIF missing
2026-08-14	JP0106-PCSG00954_00-RIVERJPDLCOS0002	PKG	PSV DLC	NHK大河ドラマ『真田丸』 特製衣装「本多忠勝」	zRIF missing
2026-08-14	JP0106-PCSG00954_00-RIVERJPDLCOS0003	PKG	PSV DLC	NHK大河ドラマ『真田丸』 特製衣装「稲姫」	zRIF missing
2026-08-14	JP0106-PCSG00954_00-RIVERJPDLCOS0004	PKG	PSV DLC	NHK大河ドラマ『真田丸』 特製衣装「石田三成」	zRIF missing
2026-08-14	JP0106-PCSG00954_00-RIVERJPDLCOS0005	PKG	PSV DLC	NHK大河ドラマ『真田丸』 特製衣装「真田信幸（信之）」	zRIF missing
2026-08-14	JP0106-PCSG00954_00-RIVERJPDLCOS0006	PKG	PSV DLC	NHK大河ドラマ『真田丸』 特製衣装「真田昌幸」	zRIF missing
2026-08-14	JP0106-PCSG00954_00-RIVERJPDLCOS0007	PKG	PSV DLC	NHK大河ドラマ『真田丸』 特製衣装「茶々」	zRIF missing
2026-08-14	JP0700-NPJB00450_00-DLC0000000000DSE	PKG	PS3 DLC	聖闘士星矢 ブレイブ・ソルジャーズ(追加コンテンツ)	
2026-08-14	JP0700-NPJB00450_00-DLC0000000001DSG	PKG	PS3 DLC	聖闘士星矢 ブレイブ・ソルジャーズ(追加コンテンツ)	
2026-08-14	JP0700-NPJB00450_00-DLC0000000002DSR	PKG	PS3 DLC	聖闘士星矢 ブレイブ・ソルジャーズ(追加コンテンツ)	
2026-08-14	JP0700-NPJB00450_00-DLC0000000003DHY	PKG	PS3 DLC	聖闘士星矢 ブレイブ・ソルジャーズ(追加コンテンツ)	
2026-08-14	JP0700-NPJB00450_00-DLC0000000004DSY	PKG	PS3 DLC	聖闘士星矢 ブレイブ・ソルジャーズ(追加コンテンツ)	
2026-08-14	JP0700-NPJB00450_00-DLC0000000005DIK	PKG	PS3 DLC	聖闘士星矢 ブレイブ・ソルジャーズ(追加コンテンツ)	
2026-08-14	JP0700-NPJB00450_00-DLC0000000006DMR	PKG	PS3 DLC	聖闘士星矢 ブレイブ・ソルジャーズ(追加コンテンツ)	
2026-08-14	JP0700-NPJB00450_00-DLC0000000007DSN	PKG	PS3 DLC	聖闘士星矢 ブレイブ・ソルジャーズ(追加コンテンツ)	
2026-08-14	JP0700-NPJB00450_00-DLC0000000008DMU	PKG	PS3 DLC	聖闘士星矢 ブレイブ・ソルジャーズ(追加コンテンツ)	
2026-08-14	JP0700-NPJB00450_00-DLC0000000009DIR	PKG	PS3 DLC	聖闘士星矢 ブレイブ・ソルジャーズ(追加コンテンツ)	
2026-08-14	JP0700-NPJB00450_00-DLC0000000010DIS	PKG	PS3 DLC	聖闘士星矢 ブレイブ・ソルジャーズ(追加コンテンツ)	
2026-08-14	JP0700-NPJB00450_00-DLC0000000011DSA	PKG	PS3 DLC	聖闘士星矢 ブレイブ・ソルジャーズ(追加コンテンツ)	
2026-08-14	JP0700-NPJB00450_00-DLC0000000012DKM	PKG	PS3 DLC	聖闘士星矢 ブレイブ・ソルジャーズ(追加コンテンツ)	
2026-08-14	JP0700-NPJB00450_00-DLC0000000013DKN	PKG	PS3 DLC	聖闘士星矢 ブレイブ・ソルジャーズ(追加コンテンツ)	
2026-08-14	JP0700-NPJB00450_00-DLC0000000014VRG	PKG	PS3 DLC	聖闘士星矢 ブレイブ・ソルジャーズ(追加コンテンツ)	
2026-08-14	JP0700-NPJB00450_00-DLC0000000015LEO	PKG	PS3 DLC	聖闘士星矢 ブレイブ・ソルジャーズ(追加コンテンツ)	
2026-08-14	JP0700-NPJB00450_00-DLC0000000016ODN	PKG	PS3 DLC	聖闘士星矢 ブレイブ・ソルジャーズ(追加コンテンツ)	
2026-08-14	JP0700-NPJB00450_00-DLC0000000017JRA	PKG	PS3 DLC	聖闘士星矢 ブレイブ・ソルジャーズ(追加コンテンツ)	
2026-08-14	JP0700-NPJB00450_00-DLC0000000019DSE	PKG	PS3 DLC	聖闘士星矢 ブレイブ・ソルジャーズ(追加コンテンツ)	
2026-08-14	JP0700-NPJB00450_00-DLC0000000020DSE	PKG	PS3 DLC	聖闘士星矢 ブレイブ・ソルジャーズ(追加コンテンツ)	
2026-08-14	JP0700-NPJB00450_00-DLC0000000021DSE	PKG	PS3 DLC	聖闘士星矢 ブレイブ・ソルジャーズ(追加コンテンツ)	
2026-08-14	JP0700-NPJB00450_00-DLC0000000023DSR	PKG	PS3 DLC	聖闘士星矢 ブレイブ・ソルジャーズ(追加コンテンツ)	
2026-08-14	JP0700-NPJB00450_00-DLC0000000024DSR	PKG	PS3 DLC	聖闘士星矢 ブレイブ・ソルジャーズ(追加コンテンツ)	
2026-08-14	JP0700-NPJB00450_00-DLC0000000025DHY	PKG	PS3 DLC	聖闘士星矢 ブレイブ・ソルジャーズ(追加コンテンツ)	
2026-08-14	JP0700-NPJB00450_00-DLC0000000026DHY	PKG	PS3 DLC	聖闘士星矢 ブレイブ・ソルジャーズ(追加コンテンツ)	
2026-08-14	JP0700-NPJB00450_00-DLC0000000027DSY	PKG	PS3 DLC	聖闘士星矢 ブレイブ・ソルジャーズ(追加コンテンツ)	
2026-08-14	JP0700-NPJB00450_00-DLC0000000028DSY	PKG	PS3 DLC	聖闘士星矢 ブレイブ・ソルジャーズ(追加コンテンツ)	
2026-08-14	JP0700-NPJB00450_00-DLC0000000029DIK	PKG	PS3 DLC	聖闘士星矢 ブレイブ・ソルジャーズ(追加コンテンツ)	
2026-08-14	JP0700-NPJB00450_00-DLC0000000030DIK	PKG	PS3 DLC	聖闘士星矢 ブレイブ・ソルジャーズ(追加コンテンツ)	
2026-08-14	JP0700-NPJB00450_00-DLC0000000031DMR	PKG	PS3 DLC	聖闘士星矢 ブレイブ・ソルジャーズ(追加コンテンツ)	
2026-08-14	JP0700-NPJB00450_00-DLC0000000032DMR	PKG	PS3 DLC	聖闘士星矢 ブレイブ・ソルジャーズ(追加コンテンツ)	
2026-08-14	JP0700-NPJB00450_00-DLC0000000033DSN	PKG	PS3 DLC	聖闘士星矢 ブレイブ・ソルジャーズ(追加コンテンツ)	
2026-08-14	JP0700-NPJB00450_00-DLC0000000034DSN	PKG	PS3 DLC	聖闘士星矢 ブレイブ・ソルジャーズ(追加コンテンツ)	
2026-08-14	JP0700-NPJB00512_00-FBCSMACHINE00003	PKG	PS3 DLC	機動戦士ガンダム エクストリームバーサス フルブースト	
2026-08-14	JP0700-NPJB00512_00-FBCSMACHINE00010	PKG	PS3 DLC	機動戦士ガンダム エクストリームバーサス フルブースト	
2026-08-14	JP0700-NPJB00533_00-DMS0000000000000	PKG	PS3 DLC	真・ガンダム無双-ダウンロードコンテンツ	
2026-08-14	JP0700-NPJB00533_00-DMS0000000000001	PKG	PS3 DLC	真・ガンダム無双-ダウンロードコンテンツ	
2026-08-14	JP0700-NPJB00533_00-DMS0000000000002	PKG	PS3 DLC	真・ガンダム無双-ダウンロードコンテンツ	
2026-08-14	JP0700-NPJB00533_00-DMS0000000000003	PKG	PS3 DLC	真・ガンダム無双-ダウンロードコンテンツ	
2026-08-14	JP0700-NPJB00533_00-DMS0000000000004	PKG	PS3 DLC	真・ガンダム無双-ダウンロードコンテンツ	
2026-08-14	JP0700-NPJB00533_00-DMS0000000000005	PKG	PS3 DLC	真・ガンダム無双-ダウンロードコンテンツ	
2026-08-14	JP0700-NPJB00533_00-DSC0000000000000	PKG	PS3 DLC	真・ガンダム無双-ダウンロードコンテンツ	
2026-08-14	JP0700-NPJB00533_00-DSC0000000000001	PKG	PS3 DLC	真・ガンダム無双-ダウンロードコンテンツ	
2026-08-14	JP0700-NPJB00533_00-DSC0000000000002	PKG	PS3 DLC	真・ガンダム無双-ダウンロードコンテンツ	
2026-08-14	JP0700-NPJB00533_00-DSC0000000000003	PKG	PS3 DLC	真・ガンダム無双-ダウンロードコンテンツ	
2026-08-14	JP0700-NPJB00533_00-DSC0000000000004	PKG	PS3 DLC	真・ガンダム無双-ダウンロードコンテンツ	
2026-08-14	JP0700-NPJB00533_00-DSC0000000000005	PKG	PS3 DLC	真・ガンダム無双-ダウンロードコンテンツ	
2026-08-14	JP0700-NPJB00533_00-DSC0000000000006	PKG	PS3 DLC	真・ガンダム無双-ダウンロードコンテンツ	
2026-08-14	JP0700-NPJB00533_00-DSC0000000000007	PKG	PS3 DLC	真・ガンダム無双-ダウンロードコンテンツ	
2026-08-14	JP0700-NPJB00533_00-DSC0000000000008	PKG	PS3 DLC	真・ガンダム無双-ダウンロードコンテンツ	
2026-08-14	JP0700-NPJB00533_00-DSC0000000000009	PKG	PS3 DLC	真・ガンダム無双-ダウンロードコンテンツ	
2026-08-14	JP0700-NPJB00533_00-DSC0000000000010	PKG	PS3 DLC	真・ガンダム無双-ダウンロードコンテンツ	
2026-08-14	JP0700-NPJB00533_00-DSC0000000000012	PKG	PS3 DLC	真・ガンダム無双-ダウンロードコンテンツ	
2026-08-14	JP0700-NPJB00533_00-DSC0000000000013	PKG	PS3 DLC	真・ガンダム無双-ダウンロードコンテンツ	
2026-08-14	JP0700-NPJB00533_00-DSC0000000000014	PKG	PS3 DLC	真・ガンダム無双-ダウンロードコンテンツ	
2026-08-14	JP0700-NPJB00533_00-DSC0000000000015	PKG	PS3 DLC	真・ガンダム無双-ダウンロードコンテンツ	
2026-08-14	JP0700-NPJB00533_00-DSC0000000000016	PKG	PS3 DLC	真・ガンダム無双-ダウンロードコンテンツ	
2026-08-14	JP0700-NPJB00600_00-HEROESPS3HGX0100	PKG	PS3 GAME	スーパーヒーロージェネレーション	
2026-08-14	JP0700-NPJB00606_00-NARUTOSRTHEME002	PKG	PS3 THEME	none	
2026-08-14	JP0700-NPJB00606_00-NARUTOSRTHEME003	PKG	PS3 THEME	none	
2026-08-14	JP0700-NPJB00606_00-NARUTOSRTHEME004	PKG	PS3 THEME	none	
2026-08-14	JP0700-NPJB00606_00-NARUTOSRTHEME005	PKG	PS3 THEME	none	
2026-08-14	JP0700-NPJB00606_00-NARUTOSRTHEME006	PKG	PS3 THEME	none	
2026-08-14	JP0700-NPJB00649_00-GUNDAMBREAKER2PM	PKG	PS3 GAME	ガンダムブレイカー2	
2026-08-14	JP0700-NPJB00666_00-GODZILLA00000000	PKG	PS3 GAME	ゴジラ-GODZILLA-	
2026-08-14	JP0700-NPJB00666_00-GODZILLA20140000	PKG	PS3 DLC	ゴジラ-GODZILLA- 追加データ	
2026-08-14	JP0700-NPJB00682_00-PS3IPPO4DOWNLOAD	PKG	PS3 GAME	はじめの一歩	
2026-08-14	JP0700-NPJB00712_00-OP3COSTUME000000	PKG	PS3 DLC	ワンピース 海賊無双３-ダウンロードコンテンツ	
2026-08-14	JP0700-NPJB00712_00-OP3COSTUME000001	PKG	PS3 DLC	ワンピース 海賊無双３-ダウンロードコンテンツ	
2026-08-14	JP0700-NPJB00712_00-OP3COSTUME000002	PKG	PS3 DLC	ワンピース 海賊無双３-ダウンロードコンテンツ	
2026-08-14	JP0700-NPJB00712_00-OP3COSTUME000003	PKG	PS3 DLC	ワンピース 海賊無双３-ダウンロードコンテンツ	
2026-08-14	JP0700-NPJB00712_00-OP3COSTUME000004	PKG	PS3 DLC	ワンピース 海賊無双３-ダウンロードコンテンツ	
2026-08-14	JP0700-NPJB00712_00-OP3COSTUME000005	PKG	PS3 DLC	ワンピース 海賊無双３-ダウンロードコンテンツ	
2026-08-14	JP0700-NPJB00712_00-OP3COSTUME000006	PKG	PS3 DLC	ワンピース 海賊無双３-ダウンロードコンテンツ	
2026-08-14	JP0700-NPJB00712_00-OP3COSTUME000007	PKG	PS3 DLC	ワンピース 海賊無双３-ダウンロードコンテンツ	
2026-08-14	JP0700-NPJB00712_00-OP3COSTUME000008	PKG	PS3 DLC	ワンピース 海賊無双３-ダウンロードコンテンツ	
2026-08-14	JP0700-NPJB00712_00-OP3COSTUME000009	PKG	PS3 DLC	ワンピース 海賊無双３-ダウンロードコンテンツ	
2026-08-14	JP0700-NPJB00712_00-OP3COSTUME000011	PKG	PS3 DLC	ワンピース 海賊無双３-ダウンロードコンテンツ	
2026-08-14	JP0700-NPJB00712_00-OP3COSTUME000012	PKG	PS3 DLC	ワンピース 海賊無双３-ダウンロードコンテンツ	
2026-08-14	JP0700-NPJB00712_00-OP3COSTUME000013	PKG	PS3 DLC	ワンピース 海賊無双３-ダウンロードコンテンツ	
2026-08-14	JP0700-NPJB00712_00-OP3COSTUME000014	PKG	PS3 DLC	ワンピース 海賊無双３-ダウンロードコンテンツ	
2026-08-14	JP0700-NPJB00712_00-OP3COSTUME000015	PKG	PS3 DLC	ワンピース 海賊無双３-ダウンロードコンテンツ	
2026-08-14	JP0700-NPJB00712_00-OP3COSTUME000016	PKG	PS3 DLC	ワンピース 海賊無双３-ダウンロードコンテンツ	
2026-08-14	JP0700-NPJB00712_00-OP3COSTUME000017	PKG	PS3 DLC	ワンピース 海賊無双３-ダウンロードコンテンツ	
2026-08-14	JP0700-NPJB00712_00-OP3COSTUME000018	PKG	PS3 DLC	ワンピース 海賊無双３-ダウンロードコンテンツ	
2026-08-14	JP0700-NPJB00712_00-OP3COSTUME000019	PKG	PS3 DLC	ワンピース 海賊無双３-ダウンロードコンテンツ	
2026-08-14	JP0700-NPJB00712_00-OP3COSTUME000020	PKG	PS3 DLC	ワンピース 海賊無双３-ダウンロードコンテンツ	
2026-08-14	JP0700-NPJB00712_00-OP3COSTUME000021	PKG	PS3 DLC	ワンピース 海賊無双３-ダウンロードコンテンツ	
2026-08-14	JP0700-NPJB00712_00-OP3SCENARIO00000	PKG	PS3 DLC	ワンピース 海賊無双３-ダウンロードコンテンツ	
2026-08-14	JP0700-NPJB00712_00-OP3SCENARIO00001	PKG	PS3 DLC	ワンピース 海賊無双３-ダウンロードコンテンツ	
2026-08-14	JP0700-NPJB00712_00-OP3SCENARIO00002	PKG	PS3 DLC	ワンピース 海賊無双３-ダウンロードコンテンツ	
2026-08-14	JP0700-NPJB00712_00-OP3SCENARIO00003	PKG	PS3 DLC	ワンピース 海賊無双３-ダウンロードコンテンツ	
2026-08-14	JP0700-NPJB00712_00-OP3SCENARIO00004	PKG	PS3 DLC	ワンピース 海賊無双３-ダウンロードコンテンツ	
2026-08-14	JP0700-NPJB00712_00-OP3SCENARIO00005	PKG	PS3 DLC	ワンピース 海賊無双３-ダウンロードコンテンツ	
2026-08-14	JP0700-NPJB00712_00-OP3SCENARIO00006	PKG	PS3 DLC	ワンピース 海賊無双３-ダウンロードコンテンツ	
2026-08-14	JP0700-NPJB00712_00-OP3SCENARIO00007	PKG	PS3 DLC	ワンピース 海賊無双３-ダウンロードコンテンツ	
2026-08-14	JP0700-NPJB00712_00-OP3SCENARIO00008	PKG	PS3 DLC	ワンピース 海賊無双３-ダウンロードコンテンツ	
2026-08-14	JP0700-NPJB00712_00-OP3SCENARIO00009	PKG	PS3 DLC	ワンピース 海賊無双３-ダウンロードコンテンツ	
2026-08-14	JP0700-NPJB00712_00-OP3UNLOCK0000000	PKG	PS3 DLC	ワンピース 海賊無双３-ダウンロードコンテンツ	
2026-08-14	JP0700-NPJB00758_00-MRWLNEDLC0000000	PKG	PS3 DLC	仮面ライダー バトライド・ウォー 創生 追加データ	
2026-08-14	JP0700-PCSG00516_00-DSDLCDIGIMON0002	PKG	PSV DLC	アグモン 八神太一コスチューム ＆便利アイテムセット	zRIF missing
2026-08-14	JP0700-PCSG00544_00-OP3COSTUME000000	PKG	PSV DLC	dummy	zRIF missing
2026-08-14	JP0700-PCSG00544_00-OP3COSTUME000001	PKG	PSV DLC	サボ追加衣装“ルーシー”	zRIF missing
2026-08-14	JP0700-PCSG00544_00-OP3COSTUME000002	PKG	PSV DLC	ロー追加衣装“ドレスローザ”	zRIF missing
2026-08-14	JP0700-PCSG00544_00-OP3COSTUME000003	PKG	PSV DLC	ナミ追加衣装“ドレスローザ”	zRIF missing
2026-08-14	JP0700-PCSG00544_00-OP3COSTUME000004	PKG	PSV DLC	ロビン追加衣装“ドレスローザ”	zRIF missing
2026-08-14	JP0700-PCSG00544_00-OP3COSTUME000005	PKG	PSV DLC	ハンコック追加衣装“「３Ｄ２Ｙ」”	zRIF missing
2026-08-14	JP0700-PCSG00544_00-OP3COSTUME000006	PKG	PSV DLC	ペローナ追加衣装“スリラーバーク”	zRIF missing
2026-08-14	JP0700-PCSG00544_00-OP3COSTUME000007	PKG	PSV DLC	ナミ追加衣装“ウェディングドレス”	zRIF missing
2026-08-14	JP0700-PCSG00544_00-OP3COSTUME000008	PKG	PSV DLC	たしぎ追加衣装“シャンブルズ”	zRIF missing
2026-08-14	JP0700-PCSG00544_00-OP3COSTUME000009	PKG	PSV DLC	シャンクス追加衣装“ＳＷ”	zRIF missing
2026-08-14	JP0700-PCSG00544_00-OP3COSTUME000011	PKG	PSV DLC	ルフィ追加衣装“「Ｚ」 決戦服”	zRIF missing
2026-08-14	JP0700-PCSG00544_00-OP3COSTUME000012	PKG	PSV DLC	ゾロ追加衣装“「Ｚ」 決戦服”	zRIF missing
2026-08-14	JP0700-PCSG00544_00-OP3COSTUME000013	PKG	PSV DLC	サンジ追加衣装“「Ｚ」 決戦服”	zRIF missing
2026-08-14	JP0700-PCSG00544_00-OP3COSTUME000014	PKG	PSV DLC	ナミ追加衣装“真・三國無双 孫尚香”	zRIF missing
2026-08-14	JP0700-PCSG00544_00-OP3COSTUME000015	PKG	PSV DLC	ロビン追加衣装“真・三國無双 星彩”	zRIF missing
2026-08-14	JP0700-PCSG00544_00-OP3COSTUME000016	PKG	PSV DLC	ハンコック追加衣装“真・三國無双 貂蝉”	zRIF missing
2026-08-14	JP0700-PCSG00544_00-OP3COSTUME000017	PKG	PSV DLC	ペローナ追加衣装“真・三國無双 王元姫”	zRIF missing
2026-08-14	JP0700-PCSG00544_00-OP3COSTUME000018	PKG	PSV DLC	ナミ追加衣装“戦国無双 くのいち”	zRIF missing
2026-08-14	JP0700-PCSG00544_00-OP3COSTUME000019	PKG	PSV DLC	ロビン追加衣装“戦国無双 甲斐姫”	zRIF missing
2026-08-14	JP0700-PCSG00544_00-OP3COSTUME000020	PKG	PSV DLC	ハンコック追加衣装“戦国無双 井伊直虎”	zRIF missing
2026-08-14	JP0700-PCSG00544_00-OP3COSTUME000021	PKG	PSV DLC	ペローナ追加衣装“戦国無双 阿国”	zRIF missing
2026-08-14	JP0700-PCSG00544_00-OP3SCENARIO00000	PKG	PSV DLC	追加エピソード“空島お宝争奪サバイバル”	zRIF missing
2026-08-14	JP0700-PCSG00544_00-OP3SCENARIO00001	PKG	PSV DLC	dummy	zRIF missing
2026-08-14	JP0700-PCSG00544_00-OP3SCENARIO00002	PKG	PSV DLC	追加エピソード“職務まっとう世界政府”	zRIF missing
2026-08-14	JP0700-PCSG00544_00-OP3SCENARIO00003	PKG	PSV DLC	追加エピソード“白ひげＶＳ新魚人海賊団”	zRIF missing
2026-08-14	JP0700-PCSG00544_00-OP3SCENARIO00004	PKG	PSV DLC	追加エピソード“デービーバックファイト”	zRIF missing
2026-08-14	JP0700-PCSG00544_00-OP3SCENARIO00005	PKG	PSV DLC	追加エピソード“コロシアムの英雄”	zRIF missing
2026-08-14	JP0700-PCSG00544_00-OP3SCENARIO00006	PKG	PSV DLC	追加エピソード“頂上戦争への挑戦状”	zRIF missing
2026-08-14	JP0700-PCSG00544_00-OP3SCENARIO00007	PKG	PSV DLC	追加エピソード“世界政府大決戦”	zRIF missing
2026-08-14	JP0700-PCSG00544_00-OP3SCENARIO00008	PKG	PSV DLC	追加エピソード“決死の外科医”	zRIF missing
2026-08-14	JP0700-PCSG00544_00-OP3SCENARIO00009	PKG	PSV DLC	追加エピソード“海賊大決戦”	zRIF missing
2026-08-14	JP0700-PCSG00544_00-OP3UNLOCK0000000	PKG	PSV DLC	dummy	zRIF missing
2026-08-14	JP0700-PCSG01016_00-DLCPACKAGE000000	PKG	PSV DLC	銀幕の装備 オーディナル・スケール	zRIF missing
2026-08-14	JP0700-PCSG01016_00-DLCPACKAGE000060	PKG	PSV DLC	悠久の装備 巫女	zRIF missing
2026-08-14	JP0738-NPJB00013_00-LUMINES000000003	PKG	PS3 DLC	LUMINES™ Supernova	RAP missing
2026-08-14	JP9000-NPJG00009_00-0000000000000000	PKG	PSP GAME	遠隔捜査	
2026-08-14	JP9000-NPJG00111_00-PSPGOAUTH0000000	PKG	PSP GAME	SAVE THE EARTH	
2026-08-14	JP9000-NPJW90006_00-0000000000000001	PKG	PSP THEME	none	
2026-08-14	JP9000-NPJW90006_00-0000000000000002	PKG	PSP THEME	none	
2026-08-14	JP9002-NPJA90054_00-MAINICHICT000001	PKG	PSP THEME	none	
2026-08-14	JP9002-NPJG00005_00-0000000000001001	PKG	PSP DLC	まいにちいっしょ ポータブル・追加データ	
2026-08-14	JP9002-NPJG00005_00-0000000000001002	PKG	PSP DLC	まいにちいっしょ ポータブル・追加データ	
2026-08-14	JP9002-NPJG00005_00-0000000000001003	PKG	PSP DLC	まいにちいっしょ ポータブル・追加データ	
2026-08-14	JP9002-NPJG00005_00-0000000000001004	PKG	PSP DLC	まいにちいっしょ ポータブル・追加データ	
2026-08-14	JP9002-NPJG00005_00-0000000000001005	PKG	PSP DLC	まいにちいっしょ ポータブル・追加データ	
2026-08-14	JP9003-NPJQ00043_00-AVATAR1402FW0007	PKG	PS3 AVATAR	none	
2026-08-14	JP9003-NPJQ00043_00-AVATAR1402FW0009	PKG	PS3 AVATAR	none	
2026-08-14	JP9003-NPJQ00043_00-AVATAR1402FW0010	PKG	PS3 AVATAR	none	
2026-08-14	JP9003-NPJQ00043_00-AVATAR1402FW0011	PKG	PS3 AVATAR	none	
2026-08-14	JP9003-NPJQ00043_00-AVATAR1403FW0015	PKG	PS3 AVATAR	none	
2026-08-13	EP0006-BLES01016_00-S3DLCHAIRSTYLES0	PKG	PS3 DLC	The Sims™ 3 DLC and Updates	RAP missing
2026-08-13	EP1006-BLES01354_00-PDISNEYUNI000016	PKG	PS3 DLC	Disney Universe	RAP missing
2026-08-13	EP1006-BLES01354_00-PDISNEYUNI000024	PKG	PS3 DLC	Disney Universe	RAP missing
2026-08-13	EP1006-NPEF00093_00-GTOYSTORY2000DUT	PKG	PSX GAME	Disney Pixar Toy Story 2 : Buzz Lightyear to the Rescue	RAP missing
2026-08-13	EP1018-BLES01673_00-000NEW52SKINPACK	PKG	PS3 DLC	Injustice: Gods Among Us	RAP missing
2026-08-13	EP1063-BLES01723_00-AVMUGENSOU000006	PKG, RAP	PS3 AVATAR	none	
2026-08-13	EP1063-BLES01723_00-AVMUGENSOU000009	PKG, RAP	PS3 AVATAR	none	
2026-08-13	EP1063-BLES02022_00-AVMUGENSOU000004	PKG, RAP	PS3 AVATAR	none	
2026-08-13	EP4312-NPEP00091_00-TSMOBILETH000407	PKG	PS3 THEME	none	RAP missing
2026-08-13	EP4360-NPEP00189_00-MACHINARIUMTHEME	PKG, RAP	PS3 THEME	none	
2026-08-13	EP4406-NPEB02328_00-MH2EU01000000000	PKG	PS3 GAME	Monster High - New Ghoul in School (Digital)	RAP missing
2026-08-13	EP9000-NPEO00154_00-TERMINATORSTTMNL	PKG	PS3 THEME	none	RAP missing
2026-08-13	EP9000-UCES00006_00-GPCMEDIEVIGO0002	PKG	PSP GAME	MediEvil Resurrection	
2026-08-13	ET0001-NPEP00026_00-DP1ANS1ROSEFAIRY	PKG	PS3 THEME	none	RAP missing
2026-08-13	ET0001-NPEP00026_00-DP1VIR1MELODYOFT	PKG	PS3 THEME	none	RAP missing
2026-08-13	JP0106-NPJB00818_00-SLAYERDLCCOS0007	PKG	PS3 DLC	ベルセルク無双-ダウンロードコンテンツ	
2026-08-13	JP0106-NPJB00818_00-SLAYERDLCHRS0000	PKG	PS3 DLC	ベルセルク無双-ダウンロードコンテンツ	
2026-08-13	JP0106-PCSG00943_00-SLAYERDLCCOS0007	PKG	PSV DLC	追加コスチューム ガッツ（晩餐会正装Ver.）	zRIF missing
2026-08-13	JP0106-PCSG00943_00-SLAYERDLCHRS0000	PKG	PSV DLC	追加軍馬「狂戦士」	zRIF missing
2026-08-13	JP0700-NPJB00331_00-DLCCLB000000VJ01	PKG	PS3 DLC	ジョジョの奇妙な冒険 オールスターバトル 追加コンテンツ	
2026-08-13	JP0700-NPJB00331_00-THEMEPART0000001	PKG	PS3 THEME	none	
2026-08-13	JP0700-NPJB00331_00-THEMEPART0000002	PKG	PS3 THEME	none	
2026-08-13	JP0700-NPJB00331_00-THEMEPART0000003	PKG	PS3 THEME	none	
2026-08-13	JP0700-NPJB00331_00-THEMEPART0000004	PKG	PS3 THEME	none	
2026-08-13	JP0700-NPJB00331_00-THEMEPART0000005	PKG	PS3 THEME	none	
2026-08-13	JP0700-NPJB00331_00-THEMEPART0000006	PKG	PS3 THEME	none	
2026-08-13	JP0700-NPJB00331_00-THEMEPART0000007	PKG	PS3 THEME	none	
2026-08-13	JP0700-NPJB00331_00-THEMEPART0000008	PKG	PS3 THEME	none	
2026-08-13	JP0700-NPJB00448_00-DBZBOZCUSTOMTM01	PKG	PS3 THEME	none	
2026-08-13	JP0700-NPJB00519_00-THEME00000000000	PKG	PS3 THEME	none	
2026-08-13	JP0700-NPJB00547_00-WJ45JSVVSPS3CT01	PKG	PS3 THEME	none	
2026-08-13	JP0700-NPJB00606_00-NARUTOSRTHEME007	PKG	PS3 THEME	none	
2026-08-13	JP0700-NPJB00753_00-ADDPART4JOTAROKU	PKG	PS3 DLC	ジョジョの奇妙な冒険 アイズオブヘブン 追加コンテンツ	
2026-08-13	JP0700-NPJB00753_00-DLMISSIONPACK001	PKG	PS3 DLC	ジョジョの奇妙な冒険 アイズオブヘブン 追加コンテンツ	
2026-08-13	JP0700-NPJB00753_00-DLMISSIONPACK002	PKG	PS3 DLC	ジョジョの奇妙な冒険 アイズオブヘブン 追加コンテンツ	
2026-08-13	JP0700-NPJB00753_00-DLMISSIONPACK003	PKG	PS3 DLC	ジョジョの奇妙な冒険 アイズオブヘブン 追加コンテンツ	
2026-08-13	JP0700-NPJB00753_00-DLMISSIONPACK004	PKG	PS3 DLC	ジョジョの奇妙な冒険 アイズオブヘブン 追加コンテンツ	
2026-08-13	JP0700-NPJB00753_00-DLMISSIONPACK005	PKG	PS3 DLC	ジョジョの奇妙な冒険 アイズオブヘブン 追加コンテンツ	
2026-08-13	JP0700-NPJB90679_00-DBZBOZVJTRIALVER	PKG	PS3 GAME	ドラゴンボールZ BATTLE OF Z Vジャンプ体験版	
2026-08-13	JP0700-NPJB90720_00-DBXVTHEME0000001	PKG	PS3 THEME	none	
2026-08-13	JP0700-PCSG00743_00-ONEPIECEBBPSVD00	PKG	PSV DLC	特典専用追加キャラクター：ギア４ルフィ【限定ver】	zRIF missing
2026-08-13	JP0700-PCSG00743_00-ONEPIECEBBPSVD02	PKG	PSV DLC	追加コスチューム：ナミ【ドキッ！夏の娘（水着）ver】	zRIF missing
2026-08-13	JP0700-PCSG00743_00-ONEPIECEBBPSVD03	PKG	PSV DLC	追加コスチューム：ロビン【ドキッ！夏の娘（水着）ver】	zRIF missing
2026-08-13	JP0700-PCSG00743_00-ONEPIECEBBPSVD04	PKG	PSV DLC	追加コスチューム：ハンコック【ドキッ！夏の娘（水着）ver】	zRIF missing
2026-08-13	JP0700-PCSG00743_00-ONEPIECEBBPSVD05	PKG	PSV DLC	追加コスチューム：ペローナ【ドキッ！夏の娘（水着）ver】	zRIF missing
2026-08-13	JP0700-PCSG00743_00-ONEPIECEBBPSVD08	PKG	PSV DLC	追加キャラクター：ドフラミンゴ【ドレスローザ決戦ver】	zRIF missing
2026-08-13	JP0700-PCSG00743_00-ONEPIECEBBPSVD09	PKG	PSV DLC	追加キャラクター：サボ【ルーシーver】	zRIF missing
2026-08-13	JP0700-PCSG00743_00-ONEPIECEBBPSVD10	PKG	PSV DLC	追加キャラクター：ロー【ドレスローザ決戦ver】	zRIF missing
2026-08-13	JP0700-PCSG00743_00-ONEPIECEBBPSVD12	PKG	PSV DLC	追加キャラクター：エース【STRONG STYLE】	zRIF missing
2026-08-13	JP0700-PCSG00743_00-ONEPIECEBBPSVD15	PKG	PSV DLC	追加キャラクター：ボン・クレー【マネマネの実：ナミ】	zRIF missing
2026-08-13	JP0700-PCSG00743_00-ONEPIECEBBPSVD18	PKG	PSV DLC	HUDデザイン：ルフィver	zRIF missing
2026-08-13	JP0700-PCSG00743_00-ONEPIECEBBPSVD19	PKG	PSV DLC	HUDデザイン：ローver	zRIF missing
2026-08-13	JP0700-PCSG00743_00-ONEPIECEBBPSVD20	PKG	PSV DLC	HUDデザイン：サボver	zRIF missing
2026-08-13	JP0700-PCSG00743_00-ONEPIECEBBPSVD21	PKG	PSV DLC	HUDデザイン：エースver	zRIF missing
2026-08-13	JP0700-PCSG00743_00-ONEPIECEBBPSVD22	PKG	PSV DLC	HUDデザイン：ドフラミンゴver	zRIF missing
2026-08-13	JP0700-PCSG00743_00-ONEPIECEBBPSVD23	PKG	PSV DLC	追加コスチューム：コアラ【ドキッ！夏の娘（水着）ver】	zRIF missing
2026-08-13	JP0700-PCSG00743_00-OPBBPSV00000CT03	PKG	PSV THEME	ONE PIECE BURNING BLOOD ダウンロード特典テーマ（ペローナ）	zRIF missing
2026-08-10	HP0571-PCSH00007_00-HAMPRDC000000001	PKG, zRIF	PSV GAME	Puzzle by Nikoli V Sudoku	
2026-08-10	HP0571-PCSH00008_00-HAMPRDC000000001	PKG, zRIF	PSV GAME	Puzzle by Nikoli V Kakuro	
2026-08-10	HP0571-PCSH00009_00-HAMPRDC000000001	PKG, zRIF	PSV GAME	Puzzle by Nikoli V Slitherlink	
2026-08-10	HP0571-PCSH00010_00-HAMPRDC000000001	PKG, zRIF	PSV GAME	Puzzle by Nikoli V Nurikabe	
2026-08-10	HP1658-PCSH00227_00-QUELLMEMENTO1FTG	PKG, zRIF	PSV GAME	Quell Memento	
2026-08-10	HP1658-PCSH00277_00-NNBLASTBUNNIESAN	PKG, zRIF	PSV GAME	Blast 'Em Bunnies	
2026-08-10	HP1658-PCSH00302_00-BABOONASIAPSVITA	PKG, zRIF	PSV GAME	Baboon!®	
2026-08-10	HP9000-PCSD00046_00-TABLETOPTANKS001	PKG, zRIF	PSV GAME	Table Top Tanks	
2026-08-10	HP9000-PCSD00062_00-TABLEGOLFASIA000	PKG, zRIF	PSV GAME	Table Mini Golf	
2026-08-10	HP9000-PCSD00062_00-TABLEGOLFASIATOY	PKG, zRIF	PSV DLC	Toy Land Course Pack	
2026-08-09	EP1063-BLES01225_00-AVDISGAEA4000035	PKG	PS3 AVATAR	none	RAP missing
2026-08-09	HP9000-PCSD00044_00-PULZARXXXXXXXXXX	zRIF	PSV GAME	PulzAR™	
2026-08-09	HP9000-PCSD00047_00-TABLEHOCKEYAS000	zRIF	PSV GAME	Table Ice Hockey™	
2026-08-09	UP0001-BLUS30521_00-GRFSDYTHEME00001	RAP	PS3 THEME	none	
2026-08-09	US0009-NPUP00003_00-SAWTHEME01234567	RAP	PS3 THEME	none	
2026-08-08	EP9000-UCES01452_00-INE0ROCKIDL00035	PKG	PSP DLC	Buzz!™: ROCK IDOLS QUIZ	
2026-08-08	JP0025-NPJR00039_00-GZ001C02CT001001	RAP	PS3 THEME	none	
2026-08-08	JP0025-NPJR00039_00-GZ001C02CT002001	RAP	PS3 THEME	none	
2026-08-08	JP0031-NPJR00020_00-DLCPACKAGE000026	RAP	PS3 THEME	none	
2026-08-08	JP0031-NPJR00020_00-DLCPACKAGE000034	RAP	PS3 THEME	none	
2026-08-08	JP0031-NPJR00026_00-CUSTOMTHEME00001	RAP	PS3 THEME	none	
2026-08-08	JP0031-NPJR00026_00-CUSTOMTHEME00004	RAP	PS3 THEME	none	
2026-08-08	JP0036-BLJM60394_00-PS3THEMEBBEX0001	RAP	PS3 THEME	none	
2026-08-08	JP0036-NPJR00008_00-BBCUSTOMTHEME000	RAP	PS3 THEME	none	
2026-08-08	JP0102-BLJM61248_00-CUSTOMTHEMEXX020	RAP	PS3 THEME	none	
2026-08-08	JP0102-BLJM61248_00-CUSTOMTHEMEXX021	RAP	PS3 THEME	none	
2026-08-08	JP0102-BLJM61248_00-CUSTOMTHEMEXX024	RAP	PS3 THEME	none	
2026-08-08	JP0102-BLJM61248_00-CUSTOMTHEMEXX025	RAP	PS3 THEME	none	
2026-08-08	JP0102-BLJM61248_00-CUSTOMTHEMEXX027	RAP	PS3 THEME	none	
2026-08-08	JP0102-BLJM61248_00-CUSTOMTHEMEXX038	RAP	PS3 THEME	none	
2026-08-08	JP0102-BLJM61248_00-CUSTOMTHEMEXX039	RAP	PS3 THEME	none	
2026-08-08	JP0102-BLJM61248_00-CUSTOMTHEMEXX041	RAP	PS3 THEME	none	
2026-08-08	JP0102-BLJM61332_00-BASARATHEMEPS301	RAP	PS3 THEME	none	
2026-08-08	JP0102-BLJM61332_00-BASARATHEMEPS302	RAP	PS3 THEME	none	
2026-08-08	JP0102-BLJM61332_00-BASARATHEMEPS303	RAP	PS3 THEME	none	
2026-08-08	JP0102-BLJM61332_00-BASARATHEMEPS304	RAP	PS3 THEME	none	
2026-08-08	JP0102-BLJM61332_00-BASARATHEMEPS305	RAP	PS3 THEME	none	
2026-08-08	JP0102-BLJM61332_00-BASARATHEMEPS306	RAP	PS3 THEME	none	
2026-08-08	JP0102-NPJB00235_00-EXTROOPERSTHEME1	RAP	PS3 THEME	none	
2026-08-08	JP0102-NPJR00011_00-THEME00000000001	RAP	PS3 THEME	none	
2026-08-08	JP0102-NPJR00018_00-SEIGUNTHEME00000	RAP	PS3 THEME	none	
2026-08-08	JP0102-NPJR00018_00-TOUGUNTHEME00000	RAP	PS3 THEME	none	
2026-08-08	JP0177-NPJR00012_00-ROFANDEOETHEME01	RAP	PS3 THEME	none	
2026-08-08	JP0404-NPJB00576_00-CUSTOM000PS30002	RAP	PS3 THEME	none	
2026-08-08	JP0404-PCSG00087_00-CUSTOM000PS30001	RAP	PS3 THEME	none	
2026-08-08	JP0404-PCSG00087_00-CUSTOM000PS30002	RAP	PS3 THEME	none	
2026-08-08	JP0404-PCSG00087_00-CUSTOM000PS30003	RAP	PS3 THEME	none	
2026-08-08	JP0404-PCSG00087_00-CUSTOM000PS30004	RAP	PS3 THEME	none	
2026-08-08	JP0404-PCSG00087_00-CUSTOM000PS30005	RAP	PS3 THEME	none	
2026-08-08	JP0761-NPJR00003_00-THEME00000000000	RAP	PS3 THEME	none	
2026-08-08	JP9000-NPJA00070_00-JOURNEYCONCEPTDT	RAP	PS3 THEME	none	
2026-08-08	JP9000-NPJA00070_00-JOURNEYDYNAMICTH	RAP	PS3 THEME	none	
2026-08-08	JP9000-NPJQ00009_00-CUSTOMTHEME00002	RAP	PS3 THEME	none	
2026-08-08	JP9000-NPJQ00010_00-HRTHEME000000001	RAP	PS3 THEME	none	
2026-08-08	JP9003-NPJQ00027_00-EVANGELION301PS3	RAP	PS3 THEME	none	
2026-08-08	JP9003-NPJQ00027_00-EVANGELION302PS3	RAP	PS3 THEME	none	
2026-08-08	JP9003-NPJQ00027_00-EVANGELION303PS3	RAP	PS3 THEME	none	
2026-08-08	JP9003-NPJQ00027_00-EVANGELION304PS3	RAP	PS3 THEME	none	
2026-08-08	JP9003-NPJQ00027_00-EVANGELION305PS3	RAP	PS3 THEME	none	
2026-08-08	JP9003-NPJQ00027_00-EVANGELION306PS3	RAP	PS3 THEME	none	
2026-08-08	JP9003-NPJQ00027_00-EVANGELION307PS3	RAP	PS3 THEME	none	
2026-08-08	JP9003-NPJQ00027_00-EVANGELION308PS3	RAP	PS3 THEME	none	
2026-08-08	JP9003-NPJQ00027_00-EVANGELION309PS3	RAP	PS3 THEME	none	
2026-08-08	JP9003-NPJQ00027_00-EVANGELION310PS3	RAP	PS3 THEME	none	
2026-08-08	JP9003-NPJQ00027_00-EVANGELION311PS3	RAP	PS3 THEME	none	
2026-08-08	JP9003-NPJQ00027_00-EVANGELION312PS3	RAP	PS3 THEME	none	
2026-08-08	JP9003-NPJQ00027_00-EVANGELION313PS3	RAP	PS3 THEME	none	
2026-08-08	JP9003-NPJQ00027_00-EVANGELION314PS3	RAP	PS3 THEME	none	
2026-08-08	JP9003-NPJQ00027_00-EVANGELION315PS3	RAP	PS3 THEME	none	
2026-08-08	JP9003-NPJQ00031_00-THEMEKYUBEY00001	RAP	PS3 THEME	none	
2026-08-08	JP9003-NPJQ00031_00-THEMEWITCH000001	RAP	PS3 THEME	none	
2026-08-08	JP9003-PCSC00042_00-130328SSAC001PS3	RAP	PS3 THEME	none	
2026-08-07	EP0001-BLES01862_00-RS002SONG0000281	PKG	PS3 DLC	Rocksmith 2014	RAP missing
2026-08-07	EP0006-BLES00450_00-0000000000000001	PKG	PS3 DLC	Need for Speed™ Undercover	RAP missing
2026-08-07	EP0006-BLES00659_00-AO240THDAYDLCPK1	PKG	PS3 DLC	Army of Two™: The 40th Day	RAP missing
2026-08-07	EP0006-BLES01659_00-DLCPACK90DAYPCK1	PKG	PS3 DLC	Need For Speed™ Most Wanted	RAP missing
2026-08-07	EP0006-BLES01767_00-AO4HITMAKER00000	PKG	PS3 DLC	Army of TWO™ The Devil's Cartel	RAP missing
2026-08-07	EP0006-BLES01767_00-AO4OVERKILL00000	PKG	PS3 DLC	Army of TWO™ The Devil's Cartel	RAP missing
2026-08-07	EP0006-BLES01894_00-NFSRULTIMATERACE	PKG	PS3 DLC	Need For Speed™ Rivals	RAP missing
2026-08-07	EP0006-NPEB00155_00-MADDENNFLARCADE0	PKG	PS3 GAME	Madden NFL Arcade	RAP missing
2026-08-07	EP0006-NPEB00650_00-NBAJAMEU00000004	PKG	PS3 DLC	NBA JAM: On Fire Edition	RAP missing
2026-08-07	EP0082-BLES01009_00-00EXTRAMAPPACK01	PKG	PS3 DLC	MINDJACK	RAP missing
2026-08-07	EP0082-BLES01009_00-00EXTRAMAPPACK02	PKG	PS3 DLC	MINDJACK	RAP missing
2026-08-07	EP0082-NPEB00254_00-INFINITYEXSTAGE1	PKG	PS3 DLC	BONUS STAGE PACK	RAP missing
2026-08-07	EP0082-NPEB00254_00-INFINITYEXSTAGE2	PKG	PS3 DLC	BONUS STAGE PACK	RAP missing
2026-08-07	EP0082-NPEB00254_00-INFINITYEXSTAGE3	PKG	PS3 DLC	BONUS STAGE PACK	RAP missing
2026-08-07	EP0082-NPEB00635_00-00EADXADDSTAGE04	PKG	PS3 DLC	ELEVATOR ACTION DELUXE	RAP missing
2026-08-07	EP0082-NPEB00635_00-00EADXADDSTAGE05	PKG	PS3 DLC	ELEVATOR ACTION DELUXE	RAP missing
2026-08-07	EP0082-NPEB00635_00-00EADXADDSTAGE06	PKG	PS3 DLC	ELEVATOR ACTION DELUXE	RAP missing
2026-08-07	EP0101-BLES01397_00-SKYACESDLC01PKG4	PKG	PS3 DLC	Planes Pack 1	RAP missing
2026-08-07	EP0101-NPEB00128_00-GAMEPURCHASESCEE	PKG	PS3 DLC	NPEB00128 - Unlock Key	
2026-08-07	EP0101-NPEB02140_00-MGOAPPEALPACK001	PKG	PS3 DLC	METAL GEAR SOLID V: THE PHANTOM PAIN DATA	RAP missing
2026-08-07	EP0101-NPEB02140_00-MGOAPPEALPACK002	PKG	PS3 DLC	METAL GEAR SOLID V: THE PHANTOM PAIN DATA	RAP missing
2026-08-07	EP0101-NPEB02140_00-MGOAPPEALPACK003	PKG	PS3 DLC	METAL GEAR SOLID V: THE PHANTOM PAIN DATA	RAP missing
2026-08-07	EP0101-NPEB02140_00-MGOAPPEALPACK004	PKG	PS3 DLC	METAL GEAR SOLID V: THE PHANTOM PAIN DATA	RAP missing
2026-08-07	EP0101-NPEB02140_00-MGODLCPACK000001	PKG	PS3 DLC	METAL GEAR SOLID V: THE PHANTOM PAIN DATA	RAP missing
2026-08-07	EP0101-NPEB02140_00-MGSVTPPAMMRS4GLD	PKG	PS3 DLC	METAL GEAR SOLID V: THE PHANTOM PAIN DATA	RAP missing
2026-08-07	EP0101-NPEB02140_00-MGSVTPPBIOARMGLD	PKG	PS3 DLC	METAL GEAR SOLID V: THE PHANTOM PAIN DATA	RAP missing
2026-08-07	EP0101-NPEB02140_00-MGSVTPPCBOXDRYLD	PKG	PS3 DLC	METAL GEAR SOLID V: THE PHANTOM PAIN DATA	RAP missing
2026-08-07	EP0101-NPEB02140_00-MGSVTPPEMBLVENOM	PKG	PS3 DLC	METAL GEAR SOLID V: THE PHANTOM PAIN DATA	RAP missing
2026-08-07	EP0101-NPEB02140_00-MGSVTPPGRAYURBAN	PKG	PS3 DLC	METAL GEAR SOLID V: THE PHANTOM PAIN DATA	RAP missing
2026-08-07	EP0101-NPEB02140_00-MGSVTPPMACHTWEIS	PKG	PS3 DLC	METAL GEAR SOLID V: THE PHANTOM PAIN DATA	RAP missing
2026-08-07	EP0101-NPEB02140_00-MGSVTPPPISTOLGLD	PKG	PS3 DLC	METAL GEAR SOLID V: THE PHANTOM PAIN DATA	RAP missing
2026-08-07	EP0101-NPEB02140_00-MGSVTPPREXHELMET	PKG	PS3 DLC	METAL GEAR SOLID V: THE PHANTOM PAIN DATA	RAP missing
2026-08-07	EP0101-NPEB02140_00-MGSVTPPSANDPIXEL	PKG	PS3 DLC	METAL GEAR SOLID V: THE PHANTOM PAIN DATA	RAP missing
2026-08-07	EP0101-NPEB02140_00-MGSVTPPSHIELDGLD	PKG	PS3 DLC	METAL GEAR SOLID V: THE PHANTOM PAIN DATA	RAP missing
2026-08-07	EP0101-NPEB02140_00-MGSVTPPSHIELDSLV	PKG	PS3 DLC	METAL GEAR SOLID V: THE PHANTOM PAIN DATA	RAP missing
2026-08-07	EP0101-NPEB02140_00-MGSVTPPSHIELDWHT	PKG	PS3 DLC	METAL GEAR SOLID V: THE PHANTOM PAIN DATA	RAP missing
2026-08-07	EP0101-NPEB02140_00-MGSVTPPSHOTGUNGL	PKG	PS3 DLC	METAL GEAR SOLID V: THE PHANTOM PAIN DATA	RAP missing
2026-08-07	EP0102-NPEB00554_00-SF3COLORPK000002	PKG	PS3 DLC	Character Color Pack 2	RAP missing
2026-08-07	EP0102-NPEB00554_00-SF3MUSICPK000001	PKG	PS3 DLC	Music Pack 1	RAP missing
2026-08-07	EP0102-NPEB00554_00-SF3MUSICPK000002	PKG	PS3 DLC	Music Pack 2	RAP missing
2026-08-07	EP0102-NPEB00554_00-SF3REPLYPK000001	PKG	PS3 DLC	Match Pack 1	RAP missing
2026-08-07	EP0102-NPEB00554_00-SF3REPLYPK000002	PKG	PS3 DLC	Match Pack 2	RAP missing
2026-08-07	EP0102-NPEB00870_00-DSRCHARCAB000001	PKG	PS3 DLC	Darkstalkers Resurrection DLC	RAP missing
2026-08-07	EP0102-NPEB00870_00-DSRCHARCAB000002	PKG	PS3 DLC	Darkstalkers Resurrection DLC	RAP missing
2026-08-07	EP0102-NPEB00870_00-DSRCHARCAB000003	PKG	PS3 DLC	Darkstalkers Resurrection DLC	RAP missing
2026-08-07	EP0102-NPEB00870_00-DSRCHARCAB000004	PKG	PS3 DLC	Darkstalkers Resurrection DLC	RAP missing
2026-08-07	EP0102-NPEB00870_00-DSRCHARCAB000005	PKG	PS3 DLC	Darkstalkers Resurrection DLC	RAP missing
2026-08-07	EP0102-NPEB00870_00-DSRCHARCAB000006	PKG	PS3 DLC	Darkstalkers Resurrection DLC	RAP missing
2026-08-07	EP0102-NPEB00870_00-DSRCHARCAB000007	PKG	PS3 DLC	Darkstalkers Resurrection DLC	RAP missing
2026-08-07	EP0102-NPEB00870_00-DSRCHARCAB000008	PKG	PS3 DLC	Darkstalkers Resurrection DLC	RAP missing
2026-08-07	EP0102-NPEB00870_00-DSRCHARCAB000009	PKG	PS3 DLC	Darkstalkers Resurrection DLC	RAP missing
2026-08-07	EP0102-NPEB00870_00-DSRCHARCAB000010	PKG	PS3 DLC	Darkstalkers Resurrection DLC	RAP missing
2026-08-07	EP0102-NPEB00870_00-DSRCHARCAB000011	PKG	PS3 DLC	Darkstalkers Resurrection DLC	RAP missing
2026-08-07	EP0102-NPEB00870_00-DSRCHARCAB000013	PKG	PS3 DLC	Darkstalkers Resurrection DLC	RAP missing
2026-08-07	EP0102-NPEB00870_00-DSRCHARCAB000014	PKG	PS3 DLC	Darkstalkers Resurrection DLC	RAP missing
2026-08-07	EP0102-NPEB00870_00-DSRCHARCAB000015	PKG	PS3 DLC	Darkstalkers Resurrection DLC	RAP missing
2026-08-07	EP0102-NPEB00870_00-DSRCHARCAB000016	PKG	PS3 DLC	Darkstalkers Resurrection DLC	RAP missing
2026-08-07	EP0102-NPEB00870_00-DSRCHARCAB000017	PKG	PS3 DLC	Darkstalkers Resurrection DLC	RAP missing
2026-08-07	EP0102-NPEB00870_00-DSRCHARCAB000018	PKG	PS3 DLC	Darkstalkers Resurrection DLC	RAP missing
2026-08-07	EP0102-NPEB00870_00-DSRTHEMERM000001	PKG	PS3 DLC	Darkstalkers Resurrection DLC	RAP missing
2026-08-07	EP0102-NPEB00870_00-DSRTHEMERM000002	PKG	PS3 DLC	Darkstalkers Resurrection DLC	RAP missing
2026-08-07	EP0102-NPEB02226_00-BH0HDCOSPACK0002	PKG	PS3 DLC	Resident Evil 0	RAP missing
2026-08-07	EP0102-NPEB02226_00-BH0HDCOSPACK0003	PKG	PS3 DLC	Resident Evil 0	RAP missing
2026-08-07	EP0102-NPEB02226_00-BH0HDCOSPACK0004	PKG	PS3 DLC	Resident Evil 0	RAP missing
2026-08-07	EP0700-BLES00296_00-DLC12MUSIC000018	PKG	PS3 DLC	SOULCALIBUR IV	RAP missing
2026-08-07	EP0700-BLES01120_00-SPLTRHSFOURPACSA	PKG	PS3 DLC	SPLATTERHOUSE	RAP missing
2026-08-07	EP0700-BLES01341_00-PRIDGERACE000001	PKG	PS3 DLC	Ridge Racer™ Unbounded	RAP missing
2026-08-07	EP0700-BLES01341_00-PRIDGERACE000002	PKG	PS3 DLC	Ridge Racer™ Unbounded	RAP missing
2026-08-07	EP0700-BLES01341_00-PRIDGERACE000003	PKG	PS3 DLC	Ridge Racer™ Unbounded	RAP missing
2026-08-07	EP0700-BLES01341_00-PRIDGERACE000004	PKG	PS3 DLC	Ridge Racer™ Unbounded	RAP missing
2026-08-07	EP0700-BLES01392_00-ACAH01ENHANCEDAS	PKG	PS3 DLC	ACE COMBAT ASSAULT HORIZON [EU]	RAP missing
2026-08-07	EP0700-BLES01392_00-ACAH01ENHANCEDDF	PKG	PS3 DLC	ACE COMBAT ASSAULT HORIZON [EU]	RAP missing
2026-08-07	EP0700-BLES01392_00-ACAH01MGCOOLDOWN	PKG	PS3 DLC	ACE COMBAT ASSAULT HORIZON [EU]	RAP missing
2026-08-07	EP0700-BLES01392_00-ACAH02ASFSHINDEN	PKG	PS3 DLC	ACE COMBAT ASSAULT HORIZON [EU]	RAP missing
2026-08-07	EP0700-BLES01392_00-ACAH02F14DCOLOR7	PKG	PS3 DLC	ACE COMBAT ASSAULT HORIZON [EU]	RAP missing
2026-08-07	EP0700-BLES01392_00-ACAH02F18FCOLOR4	PKG	PS3 DLC	ACE COMBAT ASSAULT HORIZON [EU]	RAP missing
2026-08-07	EP0700-BLES01392_00-ACAH03SU35COLOR4	PKG	PS3 DLC	ACE COMBAT ASSAULT HORIZON [EU]	RAP missing
2026-08-07	EP0700-BLES01392_00-ACAH04A10ACOLOR4	PKG	PS3 DLC	ACE COMBAT ASSAULT HORIZON [EU]	RAP missing
2026-08-07	EP0700-BLES01392_00-ACAH04COLORSET01	PKG	PS3 DLC	ACE COMBAT ASSAULT HORIZON [EU]	RAP missing
2026-08-07	EP0700-BLES01392_00-ACAH04F15STOLMTD	PKG	PS3 DLC	ACE COMBAT ASSAULT HORIZON [EU]	RAP missing
2026-08-07	EP0700-BLES01392_00-ACAH04F17ACOLOR4	PKG	PS3 DLC	ACE COMBAT ASSAULT HORIZON [EU]	RAP missing
2026-08-07	EP0700-BLES01392_00-ACAH04TORNADOGR4	PKG	PS3 DLC	ACE COMBAT ASSAULT HORIZON [EU]	RAP missing
2026-08-07	EP0700-BLES01392_00-ACAH05COLORSET01	PKG	PS3 DLC	ACE COMBAT ASSAULT HORIZON [EU]	RAP missing
2026-08-07	EP0700-BLES01392_00-ACAH05SKILLAPCK1	PKG	PS3 DLC	ACE COMBAT ASSAULT HORIZON [EU]	RAP missing
2026-08-07	EP0700-BLES01392_00-ACAH05SU37TERMIN	PKG	PS3 DLC	ACE COMBAT ASSAULT HORIZON [EU]	RAP missing
2026-08-07	EP0700-BLES01392_00-ACAH06COLORSET01	PKG	PS3 DLC	ACE COMBAT ASSAULT HORIZON [EU]	RAP missing
2026-08-07	EP0700-BLES01392_00-ACAH06PACK000001	PKG	PS3 DLC	ACE COMBAT ASSAULT HORIZON [EU]	RAP missing
2026-08-07	EP0700-BLES01392_00-ACAH06SKILLPACK1	PKG	PS3 DLC	ACE COMBAT ASSAULT HORIZON [EU]	RAP missing
2026-08-07	EP0700-BLES01392_00-ACAH07COLORSET01	PKG	PS3 DLC	ACE COMBAT ASSAULT HORIZON [EU]	RAP missing
2026-08-07	EP0700-BLES01392_00-ACAH07COLORSET02	PKG	PS3 DLC	ACE COMBAT ASSAULT HORIZON [EU]	RAP missing
2026-08-07	EP0700-BLES01392_00-ACAH07KA50HOKUM0	PKG	PS3 DLC	ACE COMBAT ASSAULT HORIZON [EU]	RAP missing
2026-08-07	EP0700-BLES01392_00-ACAH07YF23BLACKW	PKG	PS3 DLC	ACE COMBAT ASSAULT HORIZON [EU]	RAP missing
2026-08-07	EP0700-BLES01392_00-ACAH08COLORSET01	PKG	PS3 DLC	ACE COMBAT ASSAULT HORIZON [EU]	RAP missing
2026-08-07	EP0700-BLES01847_00-EDF4DL0000000001	PKG	PS3 DLC	Earth Defense Force 2025	RAP missing
2026-08-07	EP0700-BLES01847_00-EDF4DL0000000002	PKG	PS3 DLC	Earth Defense Force 2025	RAP missing
2026-08-07	EP0700-BLES01847_00-EDF4DL0000000003	PKG	PS3 DLC	Earth Defense Force 2025	RAP missing
2026-08-07	EP0700-BLES01898_00-ACVDCOMCMP000004	PKG	PS3 DLC	Armored Core™: Verdict Day™ Add-on content	RAP missing
2026-08-07	EP0700-BLES01898_00-ACVDGARAGECMP003	PKG	PS3 DLC	Armored Core™: Verdict Day™ Add-on content	RAP missing
2026-08-07	EP0700-NPEB01307_00-RRDRIFTHDDEU0100	PKG	PS3 GAME	Ridge Racer™ Driftopia	RAP missing
2026-08-07	EP0700-NPEB01814_00-DLC0000000000DSE	PKG	PS3 DLC	Saint Seiya: Brave Soldiers (Downloadable content)	RAP missing
2026-08-07	EP0700-NPEB01814_00-DLC0000000001DSG	PKG	PS3 DLC	Saint Seiya: Brave Soldiers (Downloadable content)	RAP missing
2026-08-07	EP0700-NPEB01814_00-DLC0000000002DSR	PKG	PS3 DLC	Saint Seiya: Brave Soldiers (Downloadable content)	RAP missing
2026-08-07	EP0700-NPEB01814_00-DLC0000000003DHY	PKG	PS3 DLC	Saint Seiya: Brave Soldiers (Downloadable content)	RAP missing
2026-08-07	EP0700-NPEB01814_00-DLC0000000004DSY	PKG	PS3 DLC	Saint Seiya: Brave Soldiers (Downloadable content)	RAP missing
2026-08-07	EP0700-NPEB01814_00-DLC0000000005DIK	PKG	PS3 DLC	Saint Seiya: Brave Soldiers (Downloadable content)	RAP missing
2026-08-07	EP0700-NPEB01814_00-DLC0000000006DMR	PKG	PS3 DLC	Saint Seiya: Brave Soldiers (Downloadable content)	RAP missing
2026-08-07	EP0700-NPEB01814_00-DLC0000000007DSN	PKG	PS3 DLC	Saint Seiya: Brave Soldiers (Downloadable content)	RAP missing
2026-08-07	EP0700-NPEB01814_00-DLC0000000008DMU	PKG	PS3 DLC	Saint Seiya: Brave Soldiers (Downloadable content)	RAP missing
2026-08-07	EP0700-NPEB01814_00-DLC0000000009DIR	PKG	PS3 DLC	Saint Seiya: Brave Soldiers (Downloadable content)	RAP missing
2026-08-07	EP0700-NPEB01814_00-DLC0000000010DIS	PKG	PS3 DLC	Saint Seiya: Brave Soldiers (Downloadable content)	RAP missing
2026-08-07	EP0700-NPEB01814_00-DLC0000000011DSA	PKG	PS3 DLC	Saint Seiya: Brave Soldiers (Downloadable content)	RAP missing
2026-08-07	EP0700-NPEB01814_00-DLC0000000012DKM	PKG	PS3 DLC	Saint Seiya: Brave Soldiers (Downloadable content)	RAP missing
2026-08-07	EP0700-NPEB01814_00-DLC0000000013DKN	PKG	PS3 DLC	Saint Seiya: Brave Soldiers (Downloadable content)	RAP missing
2026-08-07	EP0700-NPEB01814_00-DLC0000000014VRG	PKG	PS3 DLC	Saint Seiya: Brave Soldiers (Downloadable content)	RAP missing
2026-08-07	EP0700-NPEB01814_00-DLC0000000015LEO	PKG	PS3 DLC	Saint Seiya: Brave Soldiers (Downloadable content)	RAP missing
2026-08-07	EP0700-NPEB01814_00-DLC0000000016ODN	PKG	PS3 DLC	Saint Seiya: Brave Soldiers (Downloadable content)	RAP missing
2026-08-07	EP0700-NPEB01814_00-DLC0000000017JRA	PKG	PS3 DLC	Saint Seiya: Brave Soldiers (Downloadable content)	RAP missing
2026-08-07	EP0700-NPEB01814_00-DLC0000000019DSE	PKG	PS3 DLC	Saint Seiya: Brave Soldiers (Downloadable content)	RAP missing
2026-08-07	EP0700-NPEB01814_00-DLC0000000020DSE	PKG	PS3 DLC	Saint Seiya: Brave Soldiers (Downloadable content)	RAP missing
2026-08-07	EP0700-NPEB01814_00-DLC0000000021DSE	PKG	PS3 DLC	Saint Seiya: Brave Soldiers (Downloadable content)	RAP missing
2026-08-07	EP0700-NPEB01814_00-DLC0000000023DSR	PKG	PS3 DLC	Saint Seiya: Brave Soldiers (Downloadable content)	RAP missing
2026-08-07	EP0700-NPEB01814_00-DLC0000000024DSR	PKG	PS3 DLC	Saint Seiya: Brave Soldiers (Downloadable content)	RAP missing
2026-08-07	EP0700-NPEB01814_00-DLC0000000025DHY	PKG	PS3 DLC	Saint Seiya: Brave Soldiers (Downloadable content)	RAP missing
2026-08-07	EP0700-NPEB01814_00-DLC0000000026DHY	PKG	PS3 DLC	Saint Seiya: Brave Soldiers (Downloadable content)	RAP missing
2026-08-07	EP0700-NPEB01814_00-DLC0000000027DSY	PKG	PS3 DLC	Saint Seiya: Brave Soldiers (Downloadable content)	RAP missing
2026-08-07	EP0700-NPEB01814_00-DLC0000000028DSY	PKG	PS3 DLC	Saint Seiya: Brave Soldiers (Downloadable content)	RAP missing
2026-08-07	EP0700-NPEB01814_00-DLC0000000029DIK	PKG	PS3 DLC	Saint Seiya: Brave Soldiers (Downloadable content)	RAP missing
2026-08-07	EP0700-NPEB01814_00-DLC0000000030DIK	PKG	PS3 DLC	Saint Seiya: Brave Soldiers (Downloadable content)	RAP missing
2026-08-07	EP0700-NPEB01814_00-DLC0000000031DMR	PKG	PS3 DLC	Saint Seiya: Brave Soldiers (Downloadable content)	RAP missing
2026-08-07	EP0700-NPEB01814_00-DLC0000000032DMR	PKG	PS3 DLC	Saint Seiya: Brave Soldiers (Downloadable content)	RAP missing
2026-08-07	EP0700-NPEB01814_00-DLC0000000033DSN	PKG	PS3 DLC	Saint Seiya: Brave Soldiers (Downloadable content)	RAP missing
2026-08-07	EP0700-NPEB01814_00-DLC0000000034DSN	PKG	PS3 DLC	Saint Seiya: Brave Soldiers (Downloadable content)	RAP missing
2026-08-07	EP1005-NPED00134_00-GSTUNTMANI000ITA	PKG	PS3 GAME	Stuntman Ignition	RAP missing
2026-08-07	EP1006-BLES00780_00-PSPLITSEC0000003	PKG	PS3 DLC	Split/Second	
2026-08-07	EP1006-BLES00780_00-PSPLITSEC0000004	PKG	PS3 DLC	Split/Second	
2026-08-07	EP1006-BLES00780_00-PSPLITSEC0000005	PKG	PS3 DLC	Split/Second	
2026-08-07	EP1006-BLES00780_00-PSPLITSEC0000007	PKG	PS3 DLC	Split/Second	
2026-08-07	EP1006-BLES00780_00-PSPLITSEC0000011	PKG	PS3 DLC	Split/Second	
2026-08-07	EP1006-NPED00087_00-GDONALDPKX000ITA	PKG	PS3 GAME	Disney Paperino - Chi e PK?	RAP missing
2026-08-07	EP1006-NPED00102_00-GWALTDISNE000ITA	PKG	PS3 GAME	Paperino: Operazione Papero	RAP missing
2026-08-07	EP1006-NPEF00047_00-GDISNEYSAI000001	PKG	PSX GAME	Disney Action Game Disney Presenta Hercules	RAP missing
2026-08-07	EP1006-NPEF00088_00-GATLANTISX000ITA	PKG	PSX GAME	DISNEY ATLANTIS : L'IMPERO PERDUTO	RAP missing
2026-08-07	EP1023-NPEB00593_00-C010000000000000	PKG	PS3 DLC	Crimson shadow of nun	RAP missing
2026-08-07	EP1023-NPEB00593_00-DATA000000000001	PKG	PS3 DLC	Crimson shadow of nun	RAP missing
2026-08-07	EP1023-NPEB00593_00-DATA000000000002	PKG	PS3 DLC	Crimson shadow of nun	RAP missing
2026-08-07	EP1063-NPEB01818_00-DISGAEAD20000010	PKG	PS3 DLC	Disgaea D2	RAP missing
2026-08-07	EP1063-NPEB01818_00-DISGAEAD20000011	PKG	PS3 DLC	Disgaea D2	RAP missing
2026-08-07	EP1063-NPEB01818_00-DISGAEAD20000014	PKG	PS3 DLC	Disgaea D2	RAP missing
2026-08-07	EP1063-NPEB01818_00-DISGAEAD20000016	PKG	PS3 DLC	Disgaea D2	RAP missing
2026-08-07	EP1063-NPEB01818_00-DISGAEAD20000018	PKG	PS3 DLC	Disgaea D2	RAP missing
2026-08-07	EP1063-NPEB01818_00-DISGAEAD20000019	PKG	PS3 DLC	Disgaea D2	RAP missing
2026-08-07	EP1063-NPEB01818_00-DISGAEAD20000022	PKG	PS3 DLC	Disgaea D2	RAP missing
2026-08-07	EP1063-NPEB01818_00-DISGAEAD20000024	PKG	PS3 DLC	Disgaea D2	RAP missing
2026-08-07	EP1063-NPEB01818_00-DISGAEAD20000026	PKG	PS3 DLC	Disgaea D2	RAP missing
2026-08-07	EP1063-NPEB01818_00-DISGAEAD20000027	PKG	PS3 DLC	Disgaea D2	RAP missing
2026-08-07	EP1063-NPEB01818_00-DISGAEAD20000032	PKG	PS3 DLC	Disgaea D2	RAP missing
2026-08-07	EP1063-NPEB01836_00-DRAGONSCROWNKEYA	PKG	PS3 DLC	Dragon's Crown Additional Data	RAP missing
2026-08-07	EP1063-NPEB02063_00-NATURALDOCTRINE3	PKG	PS3 GAME	NAtURAL DOCtRINE	RAP missing
2026-08-07	EP1063-PCSB01073_00-GWDLC09SACRED000	PKG	PSV DLC	True Three Sacred Treasures Set	zRIF missing
2026-08-07	EP1063-PCSB01073_00-GWDLC10KAME00000	PKG	PSV DLC	Kame's Good Fortune Set	zRIF missing
2026-08-07	EP1063-PCSB01094_00-OPBSUPPORTSET000	PKG	PSV DLC	New Member Labyrinth Search Support Set	zRIF missing
2026-08-07	EP4001-BLES01578_00-00000000000EDAY1	PKG	PS3 DLC	DiRT Showdown - Downloadable Content	RAP missing
2026-08-07	EP4034-BLES01409_00-AVTHEKINGO000001	PKG	PS3 AVATAR	none	
2026-08-07	EP4034-BLES01409_00-AVTHEKINGO000002	PKG	PS3 AVATAR	none	
2026-08-07	EP4034-BLES01409_00-AVTHEKINGO000003	PKG	PS3 AVATAR	none	
2026-08-07	EP4034-BLES01409_00-AVTHEKINGO000004	PKG	PS3 AVATAR	none	
2026-08-07	EP4034-BLES01409_00-AVTHEKINGO000005	PKG	PS3 AVATAR	none	
2026-08-07	EP4034-BLES01409_00-AVTHEKINGO000006	PKG	PS3 AVATAR	none	
2026-08-07	EP4034-BLES01409_00-AVTHEKINGO000007	PKG	PS3 AVATAR	none	
2026-08-07	EP4034-BLES01409_00-AVTHEKINGO000008	PKG	PS3 AVATAR	none	
2026-08-07	EP4034-BLES01409_00-AVTHEKINGO000009	PKG	PS3 AVATAR	none	
2026-08-07	EP4034-BLES01409_00-AVTHEKINGO000010	PKG	PS3 AVATAR	none	
2026-08-07	EP4034-BLES01409_00-AVTHEKINGO000011	PKG	PS3 AVATAR	none	
2026-08-07	EP4034-BLES01409_00-AVTHEKINGO000012	PKG	PS3 AVATAR	none	
2026-08-07	EP4034-BLES01409_00-AVTHEKINGO000013	PKG	PS3 AVATAR	none	
2026-08-07	EP4034-BLES01409_00-AVTHEKINGO000014	PKG	PS3 AVATAR	none	
2026-08-07	EP4034-BLES01409_00-AVTHEKINGO000015	PKG	PS3 AVATAR	none	
2026-08-07	EP4034-BLES01409_00-AVTHEKINGO000016	PKG	PS3 AVATAR	none	
2026-08-07	EP4034-BLES01409_00-AVTHEKINGO000017	PKG	PS3 AVATAR	none	
2026-08-07	EP4034-BLES01409_00-AVTHEKINGO000018	PKG	PS3 AVATAR	none	
2026-08-07	EP4034-BLES01409_00-AVTHEKINGO000019	PKG	PS3 AVATAR	none	
2026-08-07	EP4034-BLES01409_00-AVTHEKINGO000020	PKG	PS3 AVATAR	none	
2026-08-07	EP4034-BLES01409_00-AVTHEKINGO000021	PKG	PS3 AVATAR	none	
2026-08-07	EP4034-BLES01409_00-AVTHEKINGO000022	PKG	PS3 AVATAR	none	
2026-08-07	EP4034-BLES01409_00-AVTHEKINGO000023	PKG	PS3 AVATAR	none	
2026-08-07	EP4034-BLES01409_00-AVTHEKINGO000025	PKG	PS3 AVATAR	none	
2026-08-07	EP4034-BLES01409_00-AVTHEKINGO000027	PKG	PS3 AVATAR	none	
2026-08-07	EP4034-BLES01409_00-AVTHEKINGO000028	PKG	PS3 AVATAR	none	
2026-08-07	EP4034-BLES01409_00-AVTHEKINGO000029	PKG	PS3 AVATAR	none	
2026-08-07	EP4034-BLES01409_00-AVTHEKINGO000030	PKG	PS3 AVATAR	none	
2026-08-07	EP4034-BLES01409_00-AVTHEKINGO000031	PKG	PS3 AVATAR	none	
2026-08-07	EP4034-BLES01409_00-AVTHEKINGO000032	PKG	PS3 AVATAR	none	
2026-08-07	EP4034-BLES01409_00-AVTHEKINGO000033	PKG	PS3 AVATAR	none	
2026-08-07	EP4034-BLES01409_00-AVTHEKINGO000034	PKG	PS3 AVATAR	none	
2026-08-07	EP4034-BLES01409_00-AVTHEKINGO000035	PKG	PS3 AVATAR	none	
2026-08-07	EP4034-BLES01409_00-AVTHEKINGO000036	PKG	PS3 AVATAR	none	
2026-08-07	EP4034-BLES01409_00-AVTHEKINGO000037	PKG	PS3 AVATAR	none	
2026-08-07	EP4034-BLES01409_00-AVTHEKINGO000038	PKG	PS3 AVATAR	none	
2026-08-07	EP4034-BLES01409_00-AVTHEKINGO000039	PKG	PS3 AVATAR	none	
2026-08-07	EP4034-BLES01409_00-DLC0000000000003	PKG	PS3 DLC	BLES01409 - Unlock Key	
2026-08-07	EP4034-BLES01409_00-DLC0000000000004	PKG	PS3 DLC	BLES01409 - Unlock Key	
2026-08-07	EP4034-BLES01409_00-DLC0000000000005	PKG	PS3 DLC	BLES01409 - Unlock Key	
2026-08-07	EP4034-BLES01409_00-DLC0000000000006	PKG	PS3 DLC	BLES01409 - Unlock Key	
2026-08-07	EP4034-BLES01409_00-DLC0000000000007	PKG	PS3 DLC	BLES01409 - Unlock Key	
2026-08-07	EP4034-BLES01409_00-THEME00000000000	PKG	PS3 THEME	none	
2026-08-07	EP4034-NPEP00138_00-THEME00000000001	PKG	PS3 THEME	none	
2026-08-07	EP4034-NPEP00138_00-THEME00000000002	PKG	PS3 THEME	none	
2026-08-07	EP4034-PCSB00891_00-SUPERBEAT00DLC01	PKG	PSV DLC	XONiC PACK~7'S Rebirth~	zRIF missing
2026-08-07	EP4034-PCSB00891_00-SUPERBEAT00DLC04	PKG	PSV DLC	XONiC PACK~Cranky's Pick	zRIF missing
2026-08-07	EP4034-PCSB00891_00-SUPERBEAT00DLC05	PKG	PSV DLC	XONiC PACK~Long Live Collection~	zRIF missing
2026-08-07	EP4034-PCSB00891_00-SUPERBEAT00DLC06	PKG	PSV DLC	XONiC PACK~Extra Collection~	zRIF missing
2026-08-07	EP4039-NPEF00006_00-GLOADEDITA000001	PKG	PSX GAME	Loaded	RAP missing
2026-08-07	EP4039-NPEF00008_00-GMOTORHITA000001	PKG	PSX GAME	Motorhead	RAP missing
2026-08-07	EP4039-NPEF00009_00-GRELOADEDI000001	PKG	PSX GAME	Reloaded	RAP missing
2026-08-07	EP4060-NPEB01859_00-RAMBOTHEGAME0001	PKG	PS3 GAME	RAMBO THE VIDEO GAME	RAP missing
2026-08-07	EP4062-NPEB01212_00-SACREDARENADLC01	PKG	PS3 DLC	Jungle Hunt	RAP missing
2026-08-07	EP4062-NPEB01212_00-SACREDARENAFULL0	PKG	PS3 DLC	NPEB01212 - Unlock Key	
2026-08-07	EP4073-NPEB01104_00-GERM0NATION0FULL	PKG	PS3 DLC	NPEB01104 - Unlock Key	
2026-08-07	EP4108-NPEB01408_00-NINJAYAIBA000001	PKG	PS3 GAME	Yaiba: Ninja Gaiden Z	RAP missing
2026-08-07	EP4108-NPEB02221_00-BGMPACKDENGEKI00	PKG	PS3 DLC	Atelier Shallie ～Alchemists of the Dusk Sea～ DOWNLOAD	RAP missing
2026-08-07	EP4108-NPEB02221_00-BGMPACKFAMITU000	PKG	PS3 DLC	Atelier Shallie ～Alchemists of the Dusk Sea～ DOWNLOAD	RAP missing
2026-08-07	EP4175-NPEB00454_00-SINEMORAKEY00001	PKG	PS3 DLC	NPEB00454 - Unlock Key	
2026-08-07	EP4293-NPEB02454_00-UNIEXEST00000000	PKG, RAP	PS3 GAME	UNDER NIGHT IN-BIRTH Exe:Late[st]	
2026-08-07	EP4321-BLES01654_00-EFDLC00000000012	PKG	PS3 DLC	Enemy Front	RAP missing
2026-08-07	EP4389-BLES01791_00-PPAINKILLEDLC006	PKG	PS3 DLC	Painkiller Hell & Damnation	RAP missing
2026-08-07	EP4389-BLES01791_00-PPAINKILLEDLC007	PKG	PS3 DLC	Painkiller Hell & Damnation	RAP missing
2026-08-07	EP4391-NPEB02465_00-GNOWTVNEWX000001	PKG	PS3 GAME	Now TV	
2026-08-07	EP9000-BCES00226_00-BLACKOPSUNLOCK01	PKG	PS3 DLC	Resistance 2™	RAP missing
2026-08-07	EP9000-BCES00226_00-CLOVENUNLOCK0001	PKG	PS3 DLC	Resistance 2™	RAP missing
2026-08-07	EP9000-BCES00226_00-FSOLDIERUNLOCK01	PKG	PS3 DLC	Resistance 2™	RAP missing
2026-08-07	EP9000-BCES00226_00-R2XUNLOCK0000001	PKG	PS3 DLC	Resistance 2™	RAP missing
2026-08-07	EP9000-BCES00226_00-RACHELUNLOCK0001	PKG	PS3 DLC	Resistance 2™	RAP missing
2026-08-07	EP9000-BCES00226_00-RANGERUNLOCK0001	PKG	PS3 DLC	Resistance 2™	RAP missing
2026-08-07	EP9000-BCES00226_00-RAVAGERUNLOCK001	PKG	PS3 DLC	Resistance 2™	RAP missing
2026-08-07	EP9000-BCES00484_00-MSADLCVEHPK00011	PKG	PS3 DLC	MOTORSTORM®: APOCALYPSE	RAP missing
2026-08-07	EP9000-NPEA00178_00-GUNCHARTED000003	PKG	PS3 GAME	UNCHARTED: EYE OF INDRA - EPISODE 1-4	RAP missing
2026-08-07	EP9000-NPEA00376_00-PJ4AMLICENSE0001	PKG	PS3 DLC	NPEA00376 - Unlock Key	
2026-08-07	EP9000-NPEA00460_00-DOKIDLCPLANETS01	PKG	PS3 DLC	Doki-Doki Universe™ Happy Time Story Pack	RAP missing
2026-08-07	EP9000-NPEA00460_00-DOKIDLCPLANETS02	PKG	PS3 DLC	Doki-Doki Universe™ Deep Space Story Pack	RAP missing
2026-08-07	EP9000-NPEA00460_00-DOKIDLCPLANETS03	PKG	PS3 DLC	Doki-Doki Universe™ Two Cool Story Planets Pack	RAP missing
2026-08-07	EP9000-NPEA00460_00-DOKIDLCQUIZPAK01	PKG	PS3 DLC	Doki-Doki Universe™ Personality Quiz Pack 1	RAP missing
2026-08-07	EP9000-NPEA00460_00-DOKIDLCQUIZPAK02	PKG	PS3 DLC	Doki-Doki Universe™ Personality Quiz Pack 2	RAP missing
2026-08-07	EP9000-NPEE00007_00-GJUMPINGFLI00001	PKG	PSX GAME	Jumping Flash!™	RAP missing
2026-08-07	EP9000-NPEE00027_00-GCOOLBOARI000001	PKG	PSX GAME	Cool Boarders	RAP missing
2026-08-07	EP9000-NPEE00030_00-GKULAWORLI000001	PKG	PSX GAME	Kula World™	RAP missing
2026-08-07	EP9000-NPEE00031_00-GMOTORTOOI000001	PKG	PSX GAME	Motor Toon Grand Prix 2	RAP missing
2026-08-07	EP9000-NPEE00038_00-GKURUSHIFI000001	PKG	PSX GAME	Kurushi Final	RAP missing
2026-08-07	EP9000-NPEE00040_00-GCOOLBORDI000001	PKG	PSX GAME	Cool Boarders 2	RAP missing
2026-08-07	EP9000-NPEE00051_00-GGPOLICEPI000001	PKG	PSX GAME	G-Police	RAP missing
2026-08-07	EP9000-NPEE00054_00-GJETRIDERI000001	PKG	PSX GAME	Jet Rider	RAP missing
2026-08-07	EP9000-NPEE00055_00-GJETRIDERI000002	PKG	PSX GAME	Jet Rider 2	RAP missing
2026-08-07	EP9000-NPEE00056_00-GWILDARMSX000ITA	PKG	PSX GAME	Wild Arms	RAP missing
